job_url,source,title,company,location,description,seniority,tags,raw_source_file,seniority_inferred
https://www.euroclimatejobs.com/job_display/287712/Environmental_Coordinator_Eni_SpA_Madrid_Spain,euroclimatejobs,Environmental Coordinator,Eni S.p.A.,"Madrid, Spain","Contribute to the implementation of renewable projects, with a particular focus on the execution and operation stages, by identifying and managing key environmental aspects (PVA, DIA, compensatory measures, etc.); Support projects during the execution and",NOT_SPECIFIED,Environment | Renewable Energy | Solar Energy | Wind Energy,euroclimatejobs_evp.csv,NOT_SPECIFIED
https://www.euroclimatejobs.com/job_display/287112/Market_Risk_Analyst_Axpo_Madrid_Spain,euroclimatejobs,Market Risk Analyst,Axpo,"Madrid, Spain",Play a key role in analyzing and reporting risk and P&L with a focus on LNG trading and the proprietary trading division (CEMT). Shape the future of energy by contributing your expertise to a dynamic and innovative team. Perform daily analysis,NOT_SPECIFIED,Business and Finance | Climate and Energy Analyst | Hybrid,euroclimatejobs_evp.csv,NOT_SPECIFIED
https://www.euroclimatejobs.com/job_display/286736/Global_Portfolio_Position_Monitoring_ContourGlobal_Madrid_Spain,euroclimatejobs,Global Portfolio Position Monitoring,ContourGlobal,"Madrid, Spain","Monitor and report on the global energy portfolio position, including hedging and exposure metrics; Conduct sensitivity analysis and scenario modeling to assess the impact of market changes, regulatory developments, and operational risks on the company's",NOT_SPECIFIED,Business and Finance | Climate and Energy Analyst | Trader,euroclimatejobs_evp.csv,NOT_SPECIFIED
https://www.euroclimatejobs.com/job_display/288366/Gas_Options_Trader_MET_Group_Baar_Switzerland,euroclimatejobs,Gas Options Trader,MET Group,"Baar, Switzerland","The Gas Option Trader will be responsible for pricing/valuing options on back of physical optionality and to manage and execute trading strategies on the market, contributing to portfolio optimization and market positioning within the Gas Trading team. This role requires in-depth knowledge of European gas markets, strong analytical capabilities, and a track record of delivering results in forward trading and to understand LNG physical optionality and how to manage associated risk on the financial market.",NOT_SPECIFIED,Climate and Energy Analyst | Oil and Gas | Trader,euroclimatejobs_evp.csv,NOT_SPECIFIED
https://www.euroclimatejobs.com/job_display/288312/Power_Gas_Market_Risk_Analyst_Metlen_nergy_Metals_Athens_Greece,euroclimatejobs,Power & Gas Market Risk Analyst,Metlen Εnergy & Metals,"Athens, Greece","We are seeking a motivated Power & Gas Market Risk Analyst to join our Market Risk/Middle Office team part of our Treasury & Investors Relations General Division, based in Athens. This role works closely with multiple internal stakeholders and plays a key role in ensuring transparency, control, and sound risk management practices.",NOT_SPECIFIED,Business and Finance | Climate and Energy Analyst | Oil and Gas | Trader,euroclimatejobs_evp.csv,NOT_SPECIFIED
https://www.euroclimatejobs.com/job_display/288304/Electrical_Designer_AFRY_d_Krakw_or_Pozna_Poland,euroclimatejobs,Electrical Designer,AFRY,"Łódź, Kraków or Poznań, Poland","You will be joining the HVAC team located in Bellinzona, Zürich and Lausanne belonging to the Building Services & Environment” Business Unit. This unit has approximately 92 employees globally, including Electrical designers and energy/environmental specialists. With more than 20 years of experience, the group is able to provide architects with all the services they need to develop energy-aware projects and design all the technical components inside the building.",NOT_SPECIFIED,Electricity | Energy Engineer | Hybrid,euroclimatejobs_evp.csv,NOT_SPECIFIED
https://www.euroclimatejobs.com/job_display/288251/Energy_Data_Portfolio_Analyst_TotalEnergies_Geneva_Switzerland,euroclimatejobs,Energy Data Portfolio Analyst,TotalEnergies,"Geneva, Switzerland","This fixed-Term contract offers the opportunity to gain a deep understanding of the European energy market structure, collaborate with Front, Middle, Operations, and Back Office teams, and interact with external stakeholders such as system operators. You will strengthen your programming expertise across multiple languages and actively support the migration to next-generation tools and platforms.",NOT_SPECIFIED,Business and Finance | Climate and Energy Analyst,euroclimatejobs_evp.csv,NOT_SPECIFIED
https://www.euroclimatejobs.com/job_display/287521/Renewable_Energy_Projects_Wind_Solar_BESS_Developer_Qair_Bucharest_Romania,euroclimatejobs,Renewable Energy Projects (Wind/Solar/BESS) Developer,Qair,"Bucharest, Romania","With a background in electrical or energy engineering, you will analyze technical documentation, participate in technical discussions with partners and consultants, and support the permitting and authorization processes required for project development, in coordination with internal teams and local authorities.",NOT_SPECIFIED,Electricity | Energy Engineer | Renewable Energy | Solar Energy,euroclimatejobs_evp.csv,NOT_SPECIFIED
https://www.euroclimatejobs.com/job_display/287434/Business_Analyst_Energy_Capco_Brussels_Belgium,euroclimatejobs,Business Analyst - Energy,Capco,"Brussels, Belgium",We are looking for a Business Analyst with experience in Energy to join our team.,NOT_SPECIFIED,Business and Finance | Climate and Energy Analyst | Hybrid,euroclimatejobs_evp.csv,NOT_SPECIFIED
https://www.euroclimatejobs.com/job_display/287368/Energy_Consultant_Business_Analyst_Capco_Brussels_Belgium,euroclimatejobs,Energy Consultant - Business Analyst,Capco,"Brussels, Belgium",We are looking for a Business Analyst with experience in Energy to join our team.,NOT_SPECIFIED,Business and Finance | Climate and Energy Analyst | Consultant | Hybrid,euroclimatejobs_evp.csv,NOT_SPECIFIED
https://www.euroclimatejobs.com/job_display/287162/Contracts_and_Settlements_Analyst_EDF_Group_London_United_Kingdom,euroclimatejobs,Contracts and Settlements Analyst,EDF Group,"London, United Kingdom","The role will primarily be to validate trades entered into by the company, ensuring trade confirmations are sent in a timely manner, matched where possible electronically and followed up regularly to ensure both compliance with the agreed departmental KPIs and most importantly the integrity of the company’s traded position and associated PnL.",NOT_SPECIFIED,Climate and Energy Analyst,euroclimatejobs_evp.csv,NOT_SPECIFIED
https://www.euroclimatejobs.com/job_display/287155/Gas_Originator_MET_Group_Dsseldorf_Germany,euroclimatejobs,Gas Originator,MET Group,"Düsseldorf, Germany","Focus on initiating and leading negotiations with wholesale market participants like large industrials and resellers. We are seeking a proactive individual who excels at identifying client needs and providing effective solutions on the German gas market, including cross-commodity solutions for clients who operate power stations.",NOT_SPECIFIED,Business and Finance | Climate and Energy Analyst | Oil and Gas | Trader,euroclimatejobs_evp.csv,NOT_SPECIFIED
https://www.euroclimatejobs.com/job_display/286965/Head_Asset_Engineering_Green_Power_Alpiq_Group_Madrid_Milan_Paris_Olten_or_Lausanne_Multiple_Countries,euroclimatejobs,"Head Asset Engineering, Green Power",Alpiq Group,"Madrid, Milan, Paris, Olten or Lausanne, Multiple Countries","You will own, with your team, the technical authority for renewables, hydrogen and other green energy production and transformation technologies. You will cover following geographies: Switzerland, Italy, France, Nordic countries, and new countries with assets under development.",NOT_SPECIFIED,Energy Engineer | Project Manager | Renewable Energy | Wind Energy,euroclimatejobs_evp.csv,NOT_SPECIFIED
https://www.euroclimatejobs.com/job_display/286863/Short_Term_Power_Optimizer_Engie_Rome_Italy,euroclimatejobs,Short Term Power Optimizer,Engie,"Rome, Italy","Short Term Power Optimizer candidate will be part of Assets Optimization and Trading (AOT, one of the local department of Global Energy Management Italy –GEM Italy– ). His/her activity will be learning how to create value around GEM Italian assets.",NOT_SPECIFIED,Climate and Energy Analyst | Electricity,euroclimatejobs_evp.csv,NOT_SPECIFIED
https://rejobs.org/en/renewable-energy-jobs/105718-offshore-service-technician-boston-energy-ltd-netherlands,rejobs,Offshore Service Technician,Boston Energy,The Netherlands,Join Boston Energy as an Offshore Service Technician in the Netherlands.,NOT_SPECIFIED,Offshore Wind Energy | Blade Maintenance | Turbine Operations | Wind O&M,rejobs_evp.csv,NOT_SPECIFIED
https://rejobs.org/en/renewable-energy-jobs/113446-trusted-advisor-stx-group,rejobs,Trusted Advisor,STX Group,"Amsterdam, the Netherlands","Trusted Advisor at STX Group in Amsterdam, leading renewable energy PPAs.",NOT_SPECIFIED,Corporate Strategy | Energy Policy | Energy Trading | Power Purchase Agreement,rejobs_evp.csv,NOT_SPECIFIED
https://rejobs.org/en/renewable-energy-jobs/113465-sales-consultant-ppa-afs-energy,rejobs,Sales Consultant PPA,AFS Energy,"Amsterdam, the Netherlands",Sales Consultant PPA at AFS Energy in Amsterdam.,NOT_SPECIFIED,Energy Trading | Market Analysis | Power Purchase Agreement,rejobs_evp.csv,NOT_SPECIFIED
https://rejobs.org/en/renewable-energy-jobs/113331-sustainability-consultant-rina,rejobs,Sustainability Consultant,RINA,"Genoa, Italy","Sustainability Consultant at RINA in Genoa, Italy.",NOT_SPECIFIED,Biofuels | Green Hydrogen | Net Zero | Power Purchase Agreement,rejobs_evp.csv,NOT_SPECIFIED
https://rejobs.org/en/renewable-energy-jobs/112935-receiving-operator-bulk-materials-enviva,rejobs,Receiving Operator - Bulk Materials,Enviva,"Chesapeake, Virginia, United States","Receiving Operator at Enviva in Chesapeake, VA.",NOT_SPECIFIED,Bioenergy | Safety Management | Quality Assurance | Sustainable Agriculture | Operations Management | Environmental Management,rejobs_evp.csv,NOT_SPECIFIED
https://rejobs.org/en/renewable-energy-jobs/113072-high-voltage-test-technician-helion-energy,rejobs,High Voltage Test Technician,Helion Energy,"Everett, United States","High Voltage Test Technician at Helion Energy in Everett, USA.",NOT_SPECIFIED,High Voltage | Safety Management,rejobs_evp.csv,NOT_SPECIFIED
https://rejobs.org/en/renewable-energy-jobs/112636-azure-fullstack-developer-net-c-fmd-enbw-energie-baden-wurttemberg,rejobs,Azure Fullstack Developer .Net / C# (f/m/d),EnBW Energie Baden-Württemberg,"Lisbon, Portugal",Azure Fullstack Developer at EnBW in Lisbon.,NOT_SPECIFIED,Cloud Computing | Software Development | Digital Twin | Analytics | Renewable Energy Finance,rejobs_evp.csv,NOT_SPECIFIED
https://rejobs.org/en/renewable-energy-jobs/113294-staff-accountant-maas-energy-works,rejobs,Staff Accountant,Maas Energy Works,"Redding, California, United States","Staff Accountant at Maas Energy Works in Redding, CA.",NOT_SPECIFIED,Accounting & Finance | Energy Auditing | Energy Economics,rejobs_evp.csv,NOT_SPECIFIED
https://rejobs.org/en/renewable-energy-jobs/112679-solar-appointment-setter-sunrun,rejobs,Solar Appointment Setter,Sunrun,"Hercules, United States","Solar Appointment Setter at Sunrun in Hercules, USA.",NOT_SPECIFIED,Community Solar | Photovoltaic Systems | Solar Installation | Solar O&M | Solar Resource Assessment | Energy Access,rejobs_evp.csv,NOT_SPECIFIED
https://rejobs.org/en/renewable-energy-jobs/112922-wind-technician-ii-edp-renewables,rejobs,Wind Technician II,EDP Renewables,"Payne, Ohio, United States","Wind Technician II at EDP Renewables in Payne, Ohio.",NOT_SPECIFIED,Onshore Wind Energy | Turbine Operations | Wind O&M | Wind Turbine Technician | Safety Management,rejobs_evp.csv,NOT_SPECIFIED
https://rejobs.org/en/renewable-energy-jobs/112927-tax-technology-digitalization-edp-renewables,rejobs,Tax technology & digitalization,EDP Renewables,"Lisbon, Portugal",Join EDP Renewables in Lisbon as Tax Technology & Digitalization.,NOT_SPECIFIED,Analytics | Clean Energy Innovation,rejobs_evp.csv,NOT_SPECIFIED
https://rejobs.org/en/renewable-energy-jobs/112676-branch-operations-coordinator-sunrun,rejobs,Branch Operations Coordinator,Sunrun,"Shrewsbury, Massachusetts, United States","Branch Operations Coordinator at Sunrun in Shrewsbury, MA.",NOT_SPECIFIED,Project Management | Operations Management | Facilities Management | Energy Access,rejobs_evp.csv,NOT_SPECIFIED
https://rejobs.org/en/renewable-energy-jobs/112932-pellet-mill-operator-enviva,rejobs,Pellet Mill Operator,Enviva,"Lucedale, Mississippi, United States","Pellet Mill Operator at Enviva in Lucedale, USA.",NOT_SPECIFIED,Bioenergy | Equipment Management,rejobs_evp.csv,NOT_SPECIFIED
https://rejobs.org/en/renewable-energy-jobs/112810-full-stack-developer-orsted,rejobs,Full Stack Developer,Ørsted,"Warsaw, Poland","Full Stack Developer at Ørsted in Warsaw, Poland.",NOT_SPECIFIED,Python Development | Software Development | Agile Methodologies | Energy Trading,rejobs_evp.csv,NOT_SPECIFIED
https://rejobs.org/en/renewable-energy-jobs/113237-proposal-coordinator-transgrid,rejobs,Proposal Coordinator,TransGrid,"Sydney, Australia","Proposal Coordinator at TransGrid in Sydney, Australia.",NOT_SPECIFIED,Proposal Writing | Project Management | Energy Policy | Stakeholder Management,rejobs_evp.csv,NOT_SPECIFIED
https://rejobs.org/en/renewable-energy-jobs/113291-operations-field-technician-ii-maas-energy-works,rejobs,Operations Field Technician II,Maas Energy Works,"Burley, United States","Operations Field Technician II at Maas Energy Works in Burley, USA.",NOT_SPECIFIED,Maintenance | Biogas Energy | Electrical Engineering | Mechanical Engineering | Waste Management | Safety Management,rejobs_evp.csv,NOT_SPECIFIED
https://rejobs.org/en/renewable-energy-jobs/112880-balance-of-plant-bop-wind-technician-pincher-creek-temp-transalta,rejobs,"Balance of Plant (BOP) Wind Technician, Pincher Creek (Temp)",TransAlta,"Pincher Creek, Alberta, Canada","BOP Wind Technician at TransAlta in Pincher Creek, Alberta.",NOT_SPECIFIED,Safety Management | Onshore Wind Energy | Turbine Operations | Wind O&M,rejobs_evp.csv,NOT_SPECIFIED
https://rejobs.org/en/renewable-energy-jobs/113244-hvac-installer-freedom-solar-power,rejobs,HVAC Installer,Freedom Solar Power,"Houston, Texas, United States","HVAC Installer at Freedom Solar Power in Houston, TX.",NOT_SPECIFIED,Heat Pumps | Hybrid Power Plants | Customer Management,rejobs_evp.csv,NOT_SPECIFIED
https://rejobs.org/en/renewable-energy-jobs/112887-data-scientist-sse-renewables,rejobs,Data Scientist,SSE Renewables,"Glasgow, Scotland, United Kingdom",Data Scientist at SSE Renewables in Glasgow driving AI solutions.,NOT_SPECIFIED,Machine Learning | Energy Analytics | AI for Energy | Procurement,rejobs_evp.csv,NOT_SPECIFIED
https://rejobs.org/en/renewable-energy-jobs/112899-financial-accountant-agl-energy,rejobs,Financial Accountant,AGL Energy,"Sydney, Australia","Financial Accountant at AGL Energy in Sydney, Australia.",NOT_SPECIFIED,Energy Governance | Energy Policy,rejobs_evp.csv,NOT_SPECIFIED
https://rejobs.org/en/renewable-energy-jobs/112660-wind-turbine-technician-edf-energy,rejobs,Wind Turbine Technician,EDF Energy,"Goole, United Kingdom","Join EDF Energy as a Wind Turbine Technician in Goole, UK.",NOT_SPECIFIED,Safety Management | Wind Turbine Technician | Onshore Wind Energy | Turbine Operations | Wind O&M,rejobs_evp.csv,NOT_SPECIFIED
https://rejobs.org/en/renewable-energy-jobs/113318-internal-communications-and-engagement-officer-9-month-ftc-ore-catapult,rejobs,Internal Communications and Engagement Officer- 9 Month FTC,ORE Catapult,"Glasgow, Scotland, United Kingdom",Join ORE Catapult in Glasgow or Blyth as Internal Communications Officer.,NOT_SPECIFIED,Marketing and Communications | Community Energy | Energy Justice,rejobs_evp.csv,NOT_SPECIFIED
https://rejobs.org/en/renewable-energy-jobs/113142-data-architect-invinity-energy-systems,rejobs,Data Architect,Invinity Energy Systems,"Vancouver, Canada","Data Architect at Invinity Energy Systems in Vancouver, Canada.",NOT_SPECIFIED,Cloud Computing | Battery Management Systems | Battery Technology | Power Electronics,rejobs_evp.csv,NOT_SPECIFIED
https://rejobs.org/en/renewable-energy-jobs/112942-wind-technician-invenergy,rejobs,Wind Technician,Invenergy,"Marseilles, Illinois, United States","Wind Technician at Invenergy in Marseilles, IL.",NOT_SPECIFIED,Safety Management | Blade Maintenance | Onshore Wind Energy | Turbine Operations | Wind Farms | Wind O&M,rejobs_evp.csv,NOT_SPECIFIED
https://rejobs.org/en/renewable-energy-jobs/112732-site-supervisor-concrete-tower-mwd-nordex,rejobs,Site Supervisor Concrete Tower (m/w/d),Nordex,"Tajonar, Spain","Site Supervisor Concrete Tower at Nordex in Tajonar, Spain.",NOT_SPECIFIED,Construction | Health & Safety | Quality Assurance | Onshore Wind Energy | Turbine Operations | Project Management,rejobs_evp.csv,NOT_SPECIFIED
https://rejobs.org/en/renewable-energy-jobs/113243-easements-and-development-assessment-coordinator-transgrid,rejobs,Easements and development assessment coordinator,TransGrid,"Sydney, Australia","Easements Coordinator at TransGrid in Sydney, managing development assessments.",NOT_SPECIFIED,Regulatory Compliance | Infrastructure Development | Environmental Management | Energy Governance | Stakeholder Management,rejobs_evp.csv,NOT_SPECIFIED
https://rejobs.org/en/renewable-energy-jobs/112924-solar-field-service-tech-ii-edp-renewables,rejobs,Solar Field Service Tech II,EDP Renewables,"Bakersfield, United States","Solar Field Service Tech II at EDP Renewables in Bakersfield, USA.",NOT_SPECIFIED,Safety Management | Photovoltaic Systems | Power Electronics | Solar Installation | Solar O&M,rejobs_evp.csv,NOT_SPECIFIED
https://rejobs.org/en/renewable-energy-jobs/112678-field-sales-consultant-sunrun,rejobs,Field Sales Consultant,Sunrun,"Aurora, United States","Field Sales Consultant at Sunrun in Aurora, USA.",NOT_SPECIFIED,Sales and Marketing | Customer Management | Solar Installation | Energy Access | Retail Sales,rejobs_evp.csv,NOT_SPECIFIED
https://rejobs.org/en/renewable-energy-jobs/113289-remote-operations-technician-in-office-position-maas-energy-works,rejobs,Remote Operations Technician - (In Office Position),Maas Energy Works,"Redding, California, United States","Remote Operations Technician at Maas Energy Works in Redding, CA.",NOT_SPECIFIED,Biogas Energy | Remote Sensing | SCADA,rejobs_evp.csv,NOT_SPECIFIED
https://rejobs.org/en/renewable-energy-jobs/113210-workday-architect-bloom-energy,rejobs,Workday Architect,Bloom Energy,"San Jose, California, United States","Workday Architect at Bloom Energy in San Jose, CA.",NOT_SPECIFIED,Human Resources | Clean Energy Solutions | Energy Analytics,rejobs_evp.csv,NOT_SPECIFIED
https://rejobs.org/en/renewable-energy-jobs/112764-financial-controller-vestas,rejobs,Financial Controller,Vestas,"Pasay, Philippines","Financial Controller at Vestas in Pasay, Philippines.",NOT_SPECIFIED,Accounting & Finance | Energy Economics | Energy Governance | Financial Services,rejobs_evp.csv,NOT_SPECIFIED
https://rejobs.org/en/renewable-energy-jobs/112937-shift-supervisor-enviva,rejobs,Shift Supervisor,Enviva,"Garysburg, North Carolina, United States","Shift Supervisor at Enviva in Garysburg, NC.",NOT_SPECIFIED,Safety Management | Bioenergy | Environmental Management | Sustainable Agriculture | Production Planning,rejobs_evp.csv,NOT_SPECIFIED
https://rejobs.org/en/renewable-energy-jobs/113027-java-backend-developer-hybrid-in-greece-power-factors,rejobs,Java Backend Developer (Hybrid in Greece),Power Factors,"Athens, Greece","Java Backend Developer at Power Factors in Athens, Greece.",NOT_SPECIFIED,Software Development | Energy Analytics,rejobs_evp.csv,NOT_SPECIFIED
https://rejobs.org/en/renewable-energy-jobs/111577-energy-resource-efficiency-sustainability-consultant-rina,rejobs,Energy & resource efficiency sustainability consultant,RINA,"Genoa, Italy","Energy & Resource Efficiency Consultant at RINA in Genoa, Italy.",NOT_SPECIFIED,Energy Auditing | Energy Management | Clean Energy Solutions | Energy Analytics | Resource Management,rejobs_evp.csv,NOT_SPECIFIED
https://rejobs.org/en/renewable-energy-jobs/112397-substation-operator-spark-power,rejobs,Substation Operator,Spark Power,"Angleton, Texas, United States","Substation Operator at Spark Power in Angleton, Texas.",NOT_SPECIFIED,High Voltage | Power Systems | Electrical Engineering | Compliance,rejobs_evp.csv,NOT_SPECIFIED
https://rejobs.org/en/renewable-energy-jobs/111839-blade-repair-technician-global-wind-service,rejobs,Blade Repair Technician,Global Wind Service,"Farmers Branch, Texas, United States",Blade Repair Technician at Global Wind Service in Texas.,NOT_SPECIFIED,Blade Maintenance | Offshore Wind Energy | Turbine Operations | Wind O&M,rejobs_evp.csv,NOT_SPECIFIED
https://rejobs.org/en/renewable-energy-jobs/111661-quality-inspector-inspecteur-qualite-hf-wartsila,rejobs,Quality Inspector / Inspecteur Qualité H/F,Wärtsilä,"Surgères, France","Quality Inspector at Wärtsilä in Surgères, France.",NOT_SPECIFIED,Quality Control | Battery Technology | Clean Energy Solutions | Hybrid Power Plants | Safety Management,rejobs_evp.csv,NOT_SPECIFIED
https://rejobs.org/en/renewable-energy-jobs/111904-analyst-valuation-modeling-hybrid-work-model-ib-vogt,rejobs,Analyst - Valuation & Modeling (hybrid work model),ib vogt,"Wrocław, Poland","Analyst at ib vogt in Wrocław, Poland, focusing on financial modeling.",NOT_SPECIFIED,Project Finance | Energy Economics | Financial Services | Energy Auditing,rejobs_evp.csv,NOT_SPECIFIED
https://rejobs.org/en/renewable-energy-jobs/111566-technical-solution-coordinator-canadian-solar,rejobs,Technical Solution Coordinator,Canadian Solar,"Kitchener, Ontario, Canada","Technical Solution Coordinator at Canadian Solar in Kitchener, Canada.",NOT_SPECIFIED,Project Management | Product Development | Battery Technology | Power Electronics,rejobs_evp.csv,NOT_SPECIFIED
https://rejobs.org/en/renewable-energy-jobs/111651-technician-ii-vestas,rejobs,Technician II,Vestas,"Lime Springs, Iowa, United States","Technician II at Vestas in Iowa, maintaining wind turbines safely.",NOT_SPECIFIED,Safety Management | Wind Turbine Technician | Onshore Wind Energy | Turbine Operations | Wind O&M,rejobs_evp.csv,NOT_SPECIFIED
https://rejobs.org/en/renewable-energy-jobs/112399-solarbess-technician-spark-power,rejobs,Solar/BESS Technician,Spark Power,"Barrie, Canada","Solar/BESS Technician at Spark Power in Barrie, Canada.",NOT_SPECIFIED,Solar Installation | Battery Management Systems | Battery Technology | Photovoltaic Systems | Power Electronics | Solar O&M,rejobs_evp.csv,NOT_SPECIFIED
https://rejobs.org/en/renewable-energy-jobs/112210-originator-eku-energy,rejobs,Originator,Eku Energy,"Sydney, Australia",Originator at Eku Energy in Sydney or Melbourne.,NOT_SPECIFIED,Project Management | Contract Management | Battery Technology | Market Analysis | Power Purchase Agreement,rejobs_evp.csv,NOT_SPECIFIED
https://rejobs.org/en/renewable-energy-jobs/111463-logistics-coordinator-rwe-renewables,rejobs,Logistics Coordinator,RWE Renewables,"Lowestoft, Suffolk, United Kingdom","Logistics Coordinator at RWE Renewables in Lowestoft, UK.",NOT_SPECIFIED,Logistics | Health & Safety | Offshore Wind Energy | Operations Management | Supply Chain Management | Resource Management,rejobs_evp.csv,NOT_SPECIFIED
https://rejobs.org/en/renewable-energy-jobs/112227-legal-counsel-fuse-energy,rejobs,Legal Counsel,Fuse Energy,"London, United Kingdom","Legal Counsel at Fuse Energy in London, driving renewable energy growth.",NOT_SPECIFIED,Corporate Strategy | Regulatory Compliance | Commercial Management | Energy Policy | Stakeholder Management,rejobs_evp.csv,NOT_SPECIFIED
https://rejobs.org/en/renewable-energy-jobs/112543-work-experience-2026-engineering-ore-catapult,rejobs,Work Experience 2026 - Engineering,ORE Catapult,"Blyth, United Kingdom","Work experience at ORE Catapult in Blyth, UK.",NOT_SPECIFIED,Tidal Energy | Offshore Wind Energy | Ocean Energy,rejobs_evp.csv,NOT_SPECIFIED
https://rejobs.org/en/renewable-energy-jobs/111983-sales-development-representative-volue,rejobs,Sales Development Representative,Volue,"Vienna, Austria","Sales Development Rep at Volue in Vienna, Berlin, Madrid.",NOT_SPECIFIED,Energy Trading | Sales and Marketing | Customer Management | Market Analysis,rejobs_evp.csv,NOT_SPECIFIED
https://rejobs.org/en/renewable-energy-jobs/111981-deal-enablement-strategy-analyst-volue,rejobs,Deal Enablement & Strategy Analyst,Volue,"Trondheim, Norway",Deal Enablement Analyst at Volue in Europe.,NOT_SPECIFIED,Sales and Marketing | Business Development | Energy Policy | Partnership Management | Stakeholder Management,rejobs_evp.csv,NOT_SPECIFIED
https://rejobs.org/en/renewable-energy-jobs/111574-analyst-valuation-modeling-ib-vogt,rejobs,Analyst - Valuation & Modeling,ib vogt,"Wroclaw, Poland","Analyst at ib vogt in Wroclaw, Poland.",NOT_SPECIFIED,Energy Asset Valuation | Project Finance | Financial Services,rejobs_evp.csv,NOT_SPECIFIED
https://rejobs.org/en/renewable-energy-jobs/111683-technical-support-se-fronius,rejobs,Technical Support SE,Fronius,"Monterrey, Mexico","Technical Support SE at Fronius in Monterrey, Mexico.",NOT_SPECIFIED,Technical Support | Photovoltaic Systems | Power Electronics,rejobs_evp.csv,NOT_SPECIFIED
https://rejobs.org/en/renewable-energy-jobs/112513-energy-graduates-arup,rejobs,Energy Graduates,Arup,"Kuala Lumpur, Malaysia",Join Arup as Energy Graduates in Malaysia.,NOT_SPECIFIED,Climate Adaptation | Community Energy | Sustainability | Electrical Engineering,rejobs_evp.csv,NOT_SPECIFIED
https://rejobs.org/en/renewable-energy-jobs/111927-international-regional-organizer-the-climate-reality-project,rejobs,International Regional Organizer,The Climate Reality Project,"Washington, D.C., United States","International Regional Organizer at The Climate Reality Project in Washington, D.C.",NOT_SPECIFIED,Community Energy | Energy Access | Energy Justice | Energy Policy | Organizational Development | Stakeholder Management,rejobs_evp.csv,NOT_SPECIFIED
https://rejobs.org/en/renewable-energy-jobs/111616-sustainability-analyst-octopus-energy,rejobs,Sustainability Analyst,Octopus Energy,"London, United Kingdom",Sustainability Analyst at Octopus Energy in London.,NOT_SPECIFIED,Carbon Accounting | Energy Auditing | Energy Policy | Environmental Impact Assessment,rejobs_evp.csv,NOT_SPECIFIED
https://rejobs.org/en/renewable-energy-jobs/112073-legal-counsel-sunly,rejobs,Legal Counsel,Sunly,"Tallinn, Estonia","Legal Counsel at Sunly in Tallinn, Estonia.",NOT_SPECIFIED,Legal Services | Advocacy & Policy | Energy Policy,rejobs_evp.csv,NOT_SPECIFIED
https://rejobs.org/en/renewable-energy-jobs/111491-finance-business-partner-edf-energy,rejobs,Finance Business Partner,EDF Energy,"Edinburgh, Scotland, United Kingdom",Finance Business Partner at EDF Energy in Edinburgh supporting net zero goals.,NOT_SPECIFIED,Offshore Wind Energy | Energy Economics,rejobs_evp.csv,NOT_SPECIFIED
https://rejobs.org/en/renewable-energy-jobs/111822-project-planner-for-offshore-wind-projects-semco-maritime,rejobs,Project planner for offshore wind projects,Semco Maritime,"Esbjerg, Denmark",Project Planner at Semco Maritime in Denmark and Poland.,NOT_SPECIFIED,EPC Management | Project Management | Offshore Wind Energy,rejobs_evp.csv,NOT_SPECIFIED
https://rejobs.org/en/renewable-energy-jobs/111821-project-leader-rig-marine-semco-maritime,rejobs,Project Leader - Rig & Marine,Semco Maritime,"Hanøytangen, Norway","Project Leader at Semco Maritime in Hanøytangen, Norway.",NOT_SPECIFIED,Battery Technology | Hybrid Power Plants | Safety Management | Project Management | Marine Engineering,rejobs_evp.csv,NOT_SPECIFIED
https://rejobs.org/en/renewable-energy-jobs/112398-solarbess-technician-traveling-spark-power,rejobs,Solar/BESS Technician Traveling,Spark Power,"Houston, Texas, United States","Solar/BESS Technician at Spark Power in Texas, USA.",NOT_SPECIFIED,Battery Management Systems | Photovoltaic Systems | Power Electronics | Solar Installation | Solar O&M | Safety Management,rejobs_evp.csv,NOT_SPECIFIED
https://rejobs.org/en/renewable-energy-jobs/112271-field-service-technician-zenobe,rejobs,Field Service Technician,Zenobē,United Kingdom,Field Service Technician at Zenobē in the UK.,NOT_SPECIFIED,Battery Technology | Hybrid Power Plants | Battery Management Systems,rejobs_evp.csv,NOT_SPECIFIED
https://rejobs.org/en/renewable-energy-jobs/112185-strategy-analyst-econergy-renewable-energy,rejobs,Strategy Analyst,Econergy Renewable Energy,"Kfar Saba, Israel","Strategy Analyst at Econergy in Kfar Saba, Israel.",NOT_SPECIFIED,Energy Analytics | Energy Economics | Energy Policy | Market Analysis | Project Management,rejobs_evp.csv,NOT_SPECIFIED
https://rejobs.org/en/renewable-energy-jobs/112258-analyst-research-and-studies-team-energy-for-health-selco-foundation,rejobs,Analyst - Research and Studies Team (Energy for Health),SELCO Foundation,"Bengaluru, India","Join SELCO Foundation as Analyst in Bengaluru, India.",NOT_SPECIFIED,Energy Auditing | Energy Policy | Analytics | Research and Development,rejobs_evp.csv,NOT_SPECIFIED
https://rejobs.org/en/renewable-energy-jobs/111664-strategic-purchaser-wartsila,rejobs,Strategic Purchaser,Wärtsilä,"Surgères, France","Strategic Purchaser at Wärtsilä in Surgères, France.",NOT_SPECIFIED,Battery Technology | Hybrid Power Plants | Procurement,rejobs_evp.csv,NOT_SPECIFIED
https://rejobs.org/en/renewable-energy-jobs/111892-electrical-supervisor-enviva,rejobs,Electrical Supervisor,Enviva,"Epes, Alabama, United States","Electrical Supervisor at Enviva in Epes, Alabama.",NOT_SPECIFIED,Bioenergy | Operations Management | Safety Management | Electrical Engineering,rejobs_evp.csv,NOT_SPECIFIED
https://rejobs.org/en/renewable-energy-jobs/112229-quantitative-researcher-fuse-energy,rejobs,Quantitative Researcher,Fuse Energy,"London, United Kingdom",Quantitative Researcher at Fuse Energy in London.,NOT_SPECIFIED,Energy Analytics | Statistical Analysis | Energy Trading | Quantitative Analysis,rejobs_evp.csv,NOT_SPECIFIED
https://rejobs.org/en/renewable-energy-jobs/111956-control-room-operator-uplight,rejobs,Control Room Operator,Uplight,"Lexington, Virginia, United States","Control Room Operator at Uplight in Lexington, VA.",NOT_SPECIFIED,Battery Management Systems | Demand Response | Photovoltaic Systems | Distributed Energy Resources | Control Engineering,rejobs_evp.csv,NOT_SPECIFIED
https://rejobs.org/en/renewable-energy-jobs/111891-crane-operator-enviva,rejobs,Crane Operator,Enviva,"Garysburg, North Carolina, United States","Crane Operator at Enviva in Garysburg, NC.",NOT_SPECIFIED,Bioenergy | Sustainable Agriculture | Waste Management | Operations Management | Safety Management,rejobs_evp.csv,NOT_SPECIFIED
https://rejobs.org/en/renewable-energy-jobs/111921-it-help-desk-with-disability-mwd-sonnen,rejobs,IT Help Desk with Disability (m/w/d),sonnen,"Cairo, Egypt",IT Help Desk at sonnen in Cairo supporting clean energy.,NOT_SPECIFIED,Energy Access | IT Support,rejobs_evp.csv,NOT_SPECIFIED
https://rejobs.org/en/renewable-energy-jobs/111840-hseq-field-officer-global-wind-service,rejobs,HSEQ Field Officer,Global Wind Service,"Hull, East Riding of Yorkshire, United Kingdom","HSEQ Field Officer at Global Wind Service in Hull, UK.",NOT_SPECIFIED,Environmental Management | Wind O&M | Safety Management | Training & Development | Offshore Wind Energy,rejobs_evp.csv,NOT_SPECIFIED
https://rejobs.org/en/renewable-energy-jobs/112405-electrical-technician-contract-commonwealth-fusion-systems,rejobs,Electrical Technician - Contract,Commonwealth Fusion Systems,"Somerville, Massachusetts, United States",Electrical Technician at Commonwealth Fusion Systems in Massachusetts.,NOT_SPECIFIED,Commissioning | Power Electronics | Electrical Engineering,rejobs_evp.csv,NOT_SPECIFIED
https://rejobs.org/en/renewable-energy-jobs/111890-control-room-operator-enviva,rejobs,Control Room Operator,Enviva,"Lucedale, Mississippi, United States","Control Room Operator at Enviva in Lucedale, MS.",NOT_SPECIFIED,Environmental Management | Safety Management | Biofuels | Bioenergy | Plant Operations,rejobs_evp.csv,NOT_SPECIFIED
https://rejobs.org/en/renewable-energy-jobs/111982-quantitative-power-trader-volue,rejobs,Quantitative Power Trader,Volue,"Aarhus, Denmark","Quantitative Power Trader at Volue in Aarhus, Denmark.",NOT_SPECIFIED,Energy Economics | Energy Trading | System Analysis | Quantitative Analysis,rejobs_evp.csv,NOT_SPECIFIED
https://rejobs.org/en/renewable-energy-jobs/111512-field-sales-consultant-sunrun,rejobs,Field Sales Consultant,Sunrun,"Houston, Texas, United States",Field Sales Consultant at Sunrun in Texas driving solar sales.,NOT_SPECIFIED,Photovoltaic Systems | Solar Installation | Energy Access | Retail Sales | Sales and Marketing | Customer Management,rejobs_evp.csv,NOT_SPECIFIED
https://rejobs.org/en/renewable-energy-jobs/112150-power-trader-photon-energy-group,rejobs,Power Trader,Photon Energy Group,"Budapest, Hungary","Power Trader at Photon Energy Group in Budapest, Hungary.",NOT_SPECIFIED,Energy Analytics | Energy Trading,rejobs_evp.csv,NOT_SPECIFIED
https://rejobs.org/en/renewable-energy-jobs/111516-solar-appointment-setter-sunrun,rejobs,Solar Appointment Setter,Sunrun,"Hartford, Connecticut, United States",Join Sunrun in Hartford as a Solar Appointment Setter.,NOT_SPECIFIED,Community Solar | Photovoltaic Systems | Solar Installation | Solar O&M | Solar Resource Assessment | Energy Access,rejobs_evp.csv,NOT_SPECIFIED
https://rejobs.org/en/renewable-energy-jobs/111841-wind-turbine-service-technician-onshore-offshore-global-wind-service,rejobs,Wind Turbine Service Technician - Onshore & Offshore,Global Wind Service,"Bremen, Germany","Wind Turbine Service Technician at Global Wind Service in Bremen, Germany.",NOT_SPECIFIED,Blade Maintenance | Turbine Operations | Wind O&M | Commissioning | Safety Management | Onshore Wind Energy | Offshore Wind Energy,rejobs_evp.csv,NOT_SPECIFIED
https://rejobs.org/en/renewable-energy-jobs/112181-financial-accountant-econergy-renewable-energy,rejobs,Financial Accountant,Econergy Renewable Energy,"London, United Kingdom",Financial Accountant at Econergy in London supporting European finance.,NOT_SPECIFIED,Energy Asset Valuation | Compliance | Accounting & Finance,rejobs_evp.csv,NOT_SPECIFIED
https://rejobs.org/en/renewable-energy-jobs/112182-legal-counsel-corporate-econergy-renewable-energy,rejobs,Legal Counsel - Corporate,Econergy Renewable Energy,"Kfar Saba, Israel","Legal Counsel at Econergy in Kfar Saba, Israel.",NOT_SPECIFIED,Commercial Management | Energy Policy | Regulatory Compliance | Energy Governance,rejobs_evp.csv,NOT_SPECIFIED
https://rejobs.org/en/renewable-energy-jobs/112231-recruiter-df-engineers-renewable-electricians-construction-managers-fuse-energy,rejobs,"Recruiter - DF Engineers, Renewable Electricians, Construction Managers",Fuse Energy,"London, United Kingdom","Recruiter at Fuse Energy in London, hiring renewable energy trades.",NOT_SPECIFIED,Energy Access | Energy Resilience | Recruitment | Project Management,rejobs_evp.csv,NOT_SPECIFIED
https://rejobs.org/en/renewable-energy-jobs/112018-wind-technician-clearway-energy-group,rejobs,Wind Technician,Clearway Energy Group,"Woodward, Oklahoma, United States","Wind Technician at Clearway Energy in Woodward, OK.",NOT_SPECIFIED,Onshore Wind Energy | Turbine Operations | Wind O&M | Safety Management | Wind Turbine Technician,rejobs_evp.csv,NOT_SPECIFIED
https://rejobs.org/en/renewable-energy-jobs/111893-mechanical-supervisor-enviva,rejobs,Mechanical Supervisor,Enviva,"Hamlet, North Carolina, United States","Mechanical Supervisor at Enviva in Hamlet, NC.",NOT_SPECIFIED,Bioenergy | Maintenance | Safety Management | Equipment Management,rejobs_evp.csv,NOT_SPECIFIED
https://rejobs.org/en/renewable-energy-jobs/112146-domestic-pv-electrician-good-energy,rejobs,Domestic PV Electrician,Good Energy,"Kent, United Kingdom",Join Good Energy as a Domestic PV Electrician in Kent.,NOT_SPECIFIED,Battery Technology | Photovoltaic Systems | Power Electronics | Health & Safety | Solar Installation | EV Charging Infrastructure,rejobs_evp.csv,NOT_SPECIFIED
https://rejobs.org/en/renewable-energy-jobs/110961-project-developer-econergy,rejobs,Project Developer,Econergy Renewable Energy,"Milan, Italy","Join Econergy as a Project Developer in Milan, Italy.",NOT_SPECIFIED,EPC Management | Photovoltaic Systems | Energy Due Diligence | Stakeholder Management | Permitting | Project Management,rejobs_evp.csv,NOT_SPECIFIED
https://rejobs.org/en/renewable-energy-jobs/110499-scada-technician-mwd-vestas,rejobs,Scada Technician (m/w/d),Vestas,"Aarhus, Denmark","Join Vestas as a SCADA Technician in Aarhus, Denmark!",NOT_SPECIFIED,Power Electronics | Wind O&M | Wind Turbine Technician | Technical Support | SCADA | Cybersecurity,rejobs_evp.csv,NOT_SPECIFIED
https://rejobs.org/en/renewable-energy-jobs/110926-staff-frontend-designer-lunar-energy,rejobs,Staff Frontend Designer,Lunar Energy,"London, United Kingdom","Join Lunar Energy as a Staff Frontend Designer in London, UK!",NOT_SPECIFIED,Smart Energy Systems | UI/UX Design | Web Development,rejobs_evp.csv,NOT_SPECIFIED
https://rejobs.org/en/renewable-energy-jobs/110818-genai-solutions-architect-mwd-power-factors,rejobs,GenAI Solutions Architect (m/w/d),Power Factors,"Athens, Greece","Join Power Factors as a GenAI Solutions Architect in Athens, Greece, and drive AI innovation in renewable energy.",NOT_SPECIFIED,Energy Analytics | AI for Energy,rejobs_evp.csv,NOT_SPECIFIED
https://rejobs.org/en/renewable-energy-jobs/110498-wind-turbine-technician-ii-mwd-vestas,rejobs,Wind Turbine Technician II (m/w/d),Vestas,"Kulm, North Dakota, United States","Join Vestas as a Wind Turbine Technician II in Kulm, North Dakota.",NOT_SPECIFIED,Onshore Wind Energy | Turbine Operations | Wind O&M | Training & Development | Safety Management | Wind Turbine Technician,rejobs_evp.csv,NOT_SPECIFIED
https://rejobs.org/en/renewable-energy-jobs/111190-energy-trader-boralex,rejobs,Energy Trader,Boralex,"Gatineau, Canada","Join Boralex as an Energy Trader in Gatineau, Canada, and optimize renewable energy strategies.",NOT_SPECIFIED,Compliance | Energy Trading,rejobs_evp.csv,NOT_SPECIFIED
https://rejobs.org/en/renewable-energy-jobs/110960-legal-counsel-project-finance-and-ppa-econergy,rejobs,Legal Counsel - Project Finance and PPA,Econergy Renewable Energy,"Madrid, Spain","Join Econergy as Legal Counsel in Madrid, Spain, focusing on project finance and PPAs.",NOT_SPECIFIED,Commercial Management | Infrastructure Development | Regulatory Compliance | Project Finance | Risk Management | Power Purchase Agreement,rejobs_evp.csv,NOT_SPECIFIED
https://rejobs.org/en/renewable-energy-jobs/110891-administration-officer-omnidian,rejobs,Administration Officer,Omnidian,"Brisbane, Australia","Join Omnidian as an Administration Officer in Brisbane, Australia.",NOT_SPECIFIED,Energy Access | Customer Management,rejobs_evp.csv,NOT_SPECIFIED
https://rejobs.org/en/renewable-energy-jobs/110425-field-sales-consultant-sunrun,rejobs,Field Sales Consultant,Sunrun,"Irvine, California, United States","Join Sunrun as a Field Sales Consultant in Irvine, California, and drive solar sales!",NOT_SPECIFIED,Photovoltaic Systems | Solar Installation | Energy Access | Retail Sales | Sales and Marketing | Customer Management,rejobs_evp.csv,NOT_SPECIFIED
https://rejobs.org/en/renewable-energy-jobs/110962-project-finance-analyst-econergy,rejobs,Project Finance Analyst,Econergy Renewable Energy,"Madrid, Spain","Join Econergy as a Project Finance Analyst in Madrid, Spain.",NOT_SPECIFIED,Battery Management Systems | EPC Management | Photovoltaics | Wind Farms | Power Purchase Agreement | Project Finance,rejobs_evp.csv,NOT_SPECIFIED
https://rejobs.org/en/renewable-energy-jobs/110563-drupalphp-developer-mwd-ignitis-group,rejobs,Drupal/PHP Developer (m/w/d),Ignitis group,"Kaunas, Lithuania","Join Ignitis Group as a Drupal/PHP Developer in Kaunas, Lithuania.",NOT_SPECIFIED,Energy Access | Web Development | Agile Methodologies,rejobs_evp.csv,NOT_SPECIFIED
https://rejobs.org/en/renewable-energy-jobs/111299-analyst-energy-mwd-afry,rejobs,Analyst - Energy (m/w/d),AFRY,"Düsseldorf, Germany","Join AFRY as an Analyst in Düsseldorf, Germany, and drive energy transformation.",NOT_SPECIFIED,Analytics | Energy Economics | Energy Policy | Quantitative Analysis,rejobs_evp.csv,NOT_SPECIFIED
https://rejobs.org/en/renewable-energy-jobs/110665-wind-turbine-technician-mwd-global-wind-service,rejobs,Wind Turbine Technician (m/w/d),Global Wind Service,"Farmers Branch, Texas, United States","Join Global Wind Service as a Wind Turbine Technician in Farmers Branch, Texas!",NOT_SPECIFIED,Repowering | Turbine Operations | Maintenance | Safety Management | Wind Turbine Technician,rejobs_evp.csv,NOT_SPECIFIED
https://rejobs.org/en/renewable-energy-jobs/110623-controller-mwd-res,rejobs,Controller (m/w/d),RES,"Denver, Colorado, United States","Join RES as a Controller in Denver, Colorado, overseeing financial operations for a $1B business. Enjoy competitive salary and comprehensive benefits.",NOT_SPECIFIED,Energy Economics | Energy Governance | Energy Policy | Risk Management | Project Management | Accounting & Finance,rejobs_evp.csv,NOT_SPECIFIED
https://rejobs.org/en/renewable-energy-jobs/111048-join-our-talent-pool-general-application-h55,rejobs,Join Our Talent Pool - General Application,H55,"Sion, Switzerland","Join H55's talent pool in Sion, Switzerland!",NOT_SPECIFIED,Battery Technology | Power Electronics | System Design | Manufacturing | Electrical Engineering,rejobs_evp.csv,NOT_SPECIFIED
https://rejobs.org/en/renewable-energy-jobs/110438-pv-solar-field-technician-i-mwd-nextera-energy,rejobs,PV Solar Field Technician I (m/w/d),NextEra Energy,"Martell, Nebraska, United States","Join NextEra Energy as a PV Solar Field Technician I in Martell, Nebraska. Maintain solar PV systems and ensure safe operations.",NOT_SPECIFIED,EPC Management | Photovoltaic Systems | Power Electronics | Solar O&M | Regulatory Compliance | Safety Management,rejobs_evp.csv,NOT_SPECIFIED
https://rejobs.org/en/renewable-energy-jobs/110663-recruiter-mwd-global-wind-service,rejobs,Recruiter (m/w/d),Global Wind Service,"Farmers Branch, Texas, United States","Join Global Wind Service as a Recruiter in Farmers Branch, Texas!",NOT_SPECIFIED,Onshore Wind Energy | Wind Turbine Technician | Recruitment | Stakeholder Management | Talent Acquisition & Management,rejobs_evp.csv,NOT_SPECIFIED
https://rejobs.org/en/renewable-energy-jobs/110419-field-sales-consultant-sunrun,rejobs,Field Sales Consultant,Sunrun,"Petaluma, California, United States","Join Sunrun as a Field Sales Consultant in Petaluma or Novato, California. Drive solar sales, earn competitive commissions, and enjoy flexible time off.",NOT_SPECIFIED,Community Solar | Photovoltaic Systems | Solar Installation | Energy Access | Retail Sales | Sales and Marketing | Customer Management,rejobs_evp.csv,NOT_SPECIFIED
https://rejobs.org/en/renewable-energy-jobs/110568-regional-trainer-mwd-dlight,rejobs,Regional Trainer (m/w/d),d.light,"Lagos, Nigeria","Join d.light as a Regional Trainer in Lagos or Ogun, Nigeria!",NOT_SPECIFIED,Community Energy | Energy Access | Stakeholder Management | Human Resources | Training & Development,rejobs_evp.csv,NOT_SPECIFIED
https://rejobs.org/en/renewable-energy-jobs/110953-estimator-signal-energy-llc,rejobs,Estimator,Signal Energy LLC,"Houston, Texas, United States","Join Signal Energy as an Estimator in Houston, Texas, focusing on solar projects.",NOT_SPECIFIED,EPC Management | Photovoltaic Systems | Solar Installation | Cost Management | Energy Economics | Project Management,rejobs_evp.csv,NOT_SPECIFIED
https://rejobs.org/en/renewable-energy-jobs/110653-discipline-leader-rig-marine-semco-maritime,rejobs,Discipline Leader - Rig & Marine,Semco Maritime,"Hanøytangen, Norway","Join Semco Maritime as a Discipline Leader in Hanøytangen, Norway.",NOT_SPECIFIED,Floating Wind Energy | Safety Management | Service Management | Project Management | Marine Engineering | Offshore Engineering,rejobs_evp.csv,NOT_SPECIFIED
https://rejobs.org/en/renewable-energy-jobs/110497-technician-ii-mwd-vestas,rejobs,Technician II (m/w/d),Vestas,"Medicine Bow, Wyoming, United States","Join Vestas as a Technician II in Medicine Bow, Wyoming, ensuring wind turbines operate smoothly.",NOT_SPECIFIED,Blade Maintenance | Onshore Wind Energy | Turbine Operations | Wind O&M | Training & Development | Safety Management,rejobs_evp.csv,NOT_SPECIFIED
https://rejobs.org/en/renewable-energy-jobs/110877-office-administrator-powerflex,rejobs,Office Administrator,PowerFlex,"San Diego, California, United States","Join PowerFlex as an Office Administrator in San Diego, CA, managing office operations and compliance tasks.",NOT_SPECIFIED,Energy Access | Customer Management,rejobs_evp.csv,NOT_SPECIFIED
https://rejobs.org/en/renewable-energy-jobs/111071-data-scientist-ecotricity,rejobs,Data Scientist,Ecotricity,"Stroud, United Kingdom","Join Ecotricity as a Data Scientist in Stroud, UK, and leverage data to enhance efficiency.",NOT_SPECIFIED,Energy Analytics | Analytics,rejobs_evp.csv,NOT_SPECIFIED
https://rejobs.org/en/renewable-energy-jobs/110404-data-scientist-vattenfall,rejobs,Data Scientist,Vattenfall,"Berlin, Germany","Join Vattenfall as a Data Scientist in Berlin, Hamburg, or Hohenwarte!",NOT_SPECIFIED,Energy Trading | Statistical Analysis | Analytics | Machine Learning,rejobs_evp.csv,NOT_SPECIFIED
https://rejobs.org/en/renewable-energy-jobs/110666-gws-entry-program-global-wind-service,rejobs,GWS Entry Program,Global Wind Service,"Dobra, Poland","Join Global Wind Service's GWS Entry Program in Dobra, Poland, to become a Wind Turbine Technician.",NOT_SPECIFIED,Turbine Operations | Wind Farms | Safety Management | Training & Development | Onshore Wind Energy | Wind Turbine Technician,rejobs_evp.csv,NOT_SPECIFIED
https://rejobs.org/en/renewable-energy-jobs/111050-product-architect-motor-controller-h55,rejobs,Product Architect - Motor Controller,H55,"Sion, Switzerland","Join H55 as a Product Architect for Motor Controller in Sion, Switzerland.",NOT_SPECIFIED,Battery Technology | Civil Engineering | Safety Management | High Voltage | Power Electronics,rejobs_evp.csv,NOT_SPECIFIED
https://rejobs.org/en/renewable-energy-jobs/111093-real-estate-finance-analyst-terawatt-infrastructure,rejobs,Real Estate Finance Analyst,TeraWatt Infrastructure,"San Francisco, California, United States","Join TeraWatt Infrastructure as a Real Estate Finance Analyst in San Francisco, CA.",NOT_SPECIFIED,Clean Energy Investment | Market Analysis | Financial Services | EV Charging Infrastructure,rejobs_evp.csv,NOT_SPECIFIED
https://rejobs.org/en/renewable-energy-jobs/110426-field-sales-consultant-sunrun,rejobs,Field Sales Consultant,Sunrun,"Palm Springs, California, United States",Join Sunrun as a Field Sales Consultant in California!,NOT_SPECIFIED,Photovoltaic Systems | Solar Installation | Energy Access | Retail Sales | Sales and Marketing | Customer Management,rejobs_evp.csv,NOT_SPECIFIED
https://rejobs.org/en/renewable-energy-jobs/111249-corporate-governance-officer-elia-grid-international,rejobs,Corporate Governance Officer,Elia Grid International,"Brussels, Belgium","Join Elia Grid International as a Corporate Governance Officer in Brussels, Belgium.",NOT_SPECIFIED,Grid Integration | Asset Management | Project Management | Quality Control | Compliance | Energy Governance,rejobs_evp.csv,NOT_SPECIFIED
https://rejobs.org/en/renewable-energy-jobs/109578-electrical-maintenance-technician-ameresco,rejobs,Electrical Maintenance Technician,Ameresco,"Aiken, South Carolina, United States","Join Ameresco as an Electrical Maintenance Technician in Aiken, SC!",NOT_SPECIFIED,Power Systems | Water Management | Preventive Maintenance | Safety Management | Electrical Engineering,rejobs_evp.csv,NOT_SPECIFIED
https://rejobs.org/en/renewable-energy-jobs/109817-labor-compliance-coordinator-signal-energy-llc,rejobs,Labor Compliance Coordinator,Signal Energy LLC,"Houston, Texas, United States","Join Signal Energy as a Labor Compliance Coordinator in Houston, Texas!",NOT_SPECIFIED,Energy Policy | Regulatory Compliance | Payroll Management,rejobs_evp.csv,NOT_SPECIFIED
https://rejobs.org/en/renewable-energy-jobs/110073-biz-ops-axle-energy,rejobs,Biz Ops,Axle Energy,"London, United Kingdom","Join Axle Energy as a Biz Ops in London, UK, and drive commercial operations in the renewable energy sector.",NOT_SPECIFIED,Climate Adaptation | Energy Access | Energy Policy | Business Development,rejobs_evp.csv,NOT_SPECIFIED
https://rejobs.org/en/renewable-energy-jobs/109924-commercial-modeller-elgin-energy,rejobs,Commercial Modeller,Elgin Energy,"London, United Kingdom",Join Elgin Energy as a Commercial Modeller in London!,NOT_SPECIFIED,Energy Due Diligence | Energy Economics | Analytics | Business Development,rejobs_evp.csv,NOT_SPECIFIED
https://rejobs.org/en/renewable-energy-jobs/109580-financial-modeller-mwd-baywa-re,rejobs,Financial Modeller (m/w/d),BayWa r.e.,"Freiburg, Germany",Join BayWa r.e. as a Financial Modeller in Germany!,NOT_SPECIFIED,Energy Asset Valuation | Project Finance | Energy Economics | Financial Services,rejobs_evp.csv,NOT_SPECIFIED
https://rejobs.org/en/renewable-energy-jobs/110065-open-opportunities-greenlancer,rejobs,Open Opportunities,GreenLancer,"Detroit, United States","Join GreenLancer in Detroit, USA, to drive clean energy innovation.",NOT_SPECIFIED,Clean Energy Innovation | Sustainability | Sales and Marketing | Operations Management | Customer Management,rejobs_evp.csv,NOT_SPECIFIED
https://rejobs.org/en/renewable-energy-jobs/109940-kite-operator-kitepower,rejobs,Kite Operator,Kitepower,"Delft, the Netherlands","Join Kitepower as a Kite Operator in Delft, Netherlands or Ireland. Support flight operations and work outdoors.",NOT_SPECIFIED,Offshore Wind Energy | Onshore Wind Energy | Turbine Operations | Wind Farms | Wind O&M | Wind Resource Assessment | Safety Management,rejobs_evp.csv,NOT_SPECIFIED
https://rejobs.org/en/renewable-energy-jobs/109427-renewable-power-from-start-to-finish-statkraft,rejobs,Renewable Power from Start to Finish,Statkraft,Germany,"Join Statkraft in Germany, Norway, or Brazil to shape the energy transition.",NOT_SPECIFIED,Energy Policy | Sales and Marketing | Business Development | Customer Management | Partnership Management,rejobs_evp.csv,NOT_SPECIFIED
https://rejobs.org/en/renewable-energy-jobs/110308-operations-maintenance-technician-ormat-technologies,rejobs,Operations & Maintenance Technician,Ormat Technologies,"Brawley, California, United States","Join Ormat Technologies as an Operations & Maintenance Technician in Brawley, California.",NOT_SPECIFIED,Battery Management Systems | Battery Technology | Distributed Energy Resources | Preventive Maintenance | Safety Management | Operations Management,rejobs_evp.csv,NOT_SPECIFIED
https://rejobs.org/en/renewable-energy-jobs/109330-field-sales-consultant-sunrun,rejobs,Field Sales Consultant,Sunrun,"Danvers, Massachusetts, United States","Join Sunrun as a Field Sales Consultant in Danvers, MA, and drive solar sales!",NOT_SPECIFIED,Solar Installation | Energy Access | Retail Sales | Sales and Marketing | Customer Management,rejobs_evp.csv,NOT_SPECIFIED
https://rejobs.org/en/renewable-energy-jobs/110047-data-scientist-brill-power,rejobs,Data Scientist,Brill Power,"Oxford, United Kingdom","Join Brill Power as a Data Scientist in Oxford, UK, focusing on battery analytics.",NOT_SPECIFIED,Battery Technology | Power Electronics | Predictive Models | Battery Management Systems,rejobs_evp.csv,NOT_SPECIFIED
https://rejobs.org/en/renewable-energy-jobs/110259-international-sales-trader-otc-flow,rejobs,International Sales Trader,OTC FLOW,"Amsterdam, the Netherlands",Join OTC Flow as an International Sales Trader in Amsterdam!,NOT_SPECIFIED,Environmental Management | Energy Trading | Sales and Marketing,rejobs_evp.csv,NOT_SPECIFIED
https://rejobs.org/en/renewable-energy-jobs/109762-build-the-future-with-us-mwd-helion-energy,rejobs,Build the Future with Us! (m/w/d),Helion Energy,"Everett, United States","Join Helion Energy in Everett, US, to revolutionize clean energy!",NOT_SPECIFIED,Clean Energy Innovation | Research and Development | Manufacturing | Engineering Management,rejobs_evp.csv,NOT_SPECIFIED
https://rejobs.org/en/renewable-energy-jobs/109376-service-technician-mfd-nordex,rejobs,Service Technician (m/f/d),Nordex,"Throckmorton, Texas, United States","Join Nordex as a Service Technician in Throckmorton, Texas, ensuring safe wind turbine operations. Enjoy comprehensive benefits and a supportive team environment.",NOT_SPECIFIED,Onshore Wind Energy | Turbine Operations | Wind O&M | Wind Resource Assessment | Safety Management,rejobs_evp.csv,NOT_SPECIFIED
https://rejobs.org/en/renewable-energy-jobs/109496-trainer-mwd-dlight,rejobs,Trainer (m/w/d),d.light,"Kogi, Nigeria",Join d.light as a Regional Trainer in Nigeria! Enhance employee skills through engaging training programs.,NOT_SPECIFIED,Community Energy | Energy Access | Stakeholder Management | Human Resources | Training & Development,rejobs_evp.csv,NOT_SPECIFIED
https://rejobs.org/en/renewable-energy-jobs/110070-partnerships-axle-energy,rejobs,Partnerships,Axle Energy,"London, United Kingdom",Join Axle Energy in London as a Partnerships professional!,NOT_SPECIFIED,Clean Energy Innovation | Energy Access | Partnership Management,rejobs_evp.csv,NOT_SPECIFIED
https://rejobs.org/en/renewable-energy-jobs/110264-sales-trader-mwd-otc-flow,rejobs,Sales Trader (m/w/d),OTC FLOW,"Amsterdam, the Netherlands",Join OTC Flow as a Sales Trader in Amsterdam! Build client portfolios in environmental markets and enjoy competitive pay.,NOT_SPECIFIED,Energy Trading,rejobs_evp.csv,NOT_SPECIFIED
https://rejobs.org/en/renewable-energy-jobs/109633-field-troubleshooting-technician-invenergy,rejobs,Field Troubleshooting Technician,Invenergy,"Milwaukee, United States",Join Invenergy as a Field Troubleshooting Technician in the US. Travel extensively to support wind turbine operations and train new technicians.,NOT_SPECIFIED,Turbine Operations | Wind O&M | Service Management | High Voltage,rejobs_evp.csv,NOT_SPECIFIED
https://rejobs.org/en/renewable-energy-jobs/109909-cdl-class-a-tanker-driverside-operator-qualified-charm-industrial,rejobs,CDL Class A Tanker Driver/Side Operator Qualified,Charm Industrial,"St. Landry, Louisiana, United States","Join Charm Industrial as a CDL Class A Tanker Driver in St. Landry, Louisiana. Transport bio-oil and support carbon removal efforts. Enjoy competitive pay and full health coverage.",NOT_SPECIFIED,Bioenergy | Biogas Energy | Environmental Management | Waste-to-Energy | Carbon Accounting,rejobs_evp.csv,NOT_SPECIFIED
https://rejobs.org/en/renewable-energy-jobs/110134-offshore-technician-rwe-renewables,rejobs,Offshore Technician,RWE Renewables,"Workington, United Kingdom","Join RWE Renewables as an Offshore Technician in Workington, UK.",NOT_SPECIFIED,SCADA | Turbine Operations | Wind O&M | Safety Management | Offshore Wind Energy,rejobs_evp.csv,NOT_SPECIFIED
https://rejobs.org/en/renewable-energy-jobs/109915-data-scientist-ecotricity,rejobs,Data Scientist,Ecotricity,"Stroud, United Kingdom","Join Ecotricity as a Data Scientist in Stroud, UK, and support renewable energy solutions.",NOT_SPECIFIED,Distributed Energy Resources | Energy Analytics | Optimization | Python Development,rejobs_evp.csv,NOT_SPECIFIED
https://rejobs.org/en/renewable-energy-jobs/110169-energy-modelling-analyst-aurora-energy-research,rejobs,Energy Modelling Analyst,Aurora Energy Research,"São Paulo, Brazil","Join Aurora Energy Research as an Energy Modelling Analyst in São Paulo, Brazil.",NOT_SPECIFIED,Energy Analytics | Energy Economics | Quantitative Analysis | System Analysis | Energy Modeling,rejobs_evp.csv,NOT_SPECIFIED
https://rejobs.org/en/renewable-energy-jobs/109384-venue-sales-representative-octopus-energy,rejobs,Venue Sales Representative,Octopus Energy,"Kingston upon Hull, United Kingdom","Join Octopus Energy as a Venue Sales Representative in Kingston upon Hull or York, UK. Engage with customers face-to-face to promote energy tariffs and low-carbon technologies. Enjoy a competitive salary plus unlimited commission.",NOT_SPECIFIED,Community Solar | Energy Access | Sales and Marketing | Customer Management,rejobs_evp.csv,NOT_SPECIFIED
https://rejobs.org/en/renewable-energy-jobs/109621-dm-electrical-ib-vogt,rejobs,DM - Electrical,ib vogt,"Kudligi, India","Join ib vogt as DM - Electrical in Kudligi, India, overseeing solar project installations.",NOT_SPECIFIED,EPC Management | Power Electronics | SCADA | Solar Installation | Solar O&M | Electrical Engineering,rejobs_evp.csv,NOT_SPECIFIED
https://rejobs.org/en/renewable-energy-jobs/109377-systems-administrator-octopus-energy,rejobs,Systems Administrator,Octopus Energy,"London, United Kingdom","Join Octopus Energy as a Systems Administrator in London, UK.",NOT_SPECIFIED,Asset Management | Compliance | Energy Asset Valuation | Financial Services | Project Management | Accounting & Finance,rejobs_evp.csv,NOT_SPECIFIED
https://rejobs.org/en/renewable-energy-jobs/109844-service-technician-british-solar-renewables,rejobs,Service Technician,British Solar Renewables,"Colchester, United Kingdom",Join British Solar Renewables as a Service Technician in the UK!,NOT_SPECIFIED,Battery Management Systems | Photovoltaic Systems | Power Electronics | Solar Installation | Solar O&M,rejobs_evp.csv,NOT_SPECIFIED
https://rejobs.org/en/renewable-energy-jobs/109351-wind-technician-all-levels-mwd-nextera-energy,rejobs,Wind Technician (All Levels) (m/w/d),NextEra Energy,"Ruthton, Minnesota, United States","Join NextEra Energy as a Wind Technician in Ruthton, MN.",NOT_SPECIFIED,Blade Maintenance | Onshore Wind Energy | Turbine Operations | Wind O&M | Safety Management,rejobs_evp.csv,NOT_SPECIFIED
https://rejobs.org/en/renewable-energy-jobs/109355-pv-solar-field-technician-ii-mwd-nextera-energy,rejobs,PV Solar Field Technician II (m/w/d),NextEra Energy,"Roaring Springs, Texas, United States","Join NextEra Energy as a PV Solar Field Technician II in Roaring Springs, Texas. Maintain solar PV systems and ensure safe operations.",NOT_SPECIFIED,Photovoltaic Systems | Power Electronics | Solar O&M | Asset Management | Regulatory Compliance | Safety Management | Electrical Engineering,rejobs_evp.csv,NOT_SPECIFIED
https://rejobs.org/en/renewable-energy-jobs/109331-field-sales-consultant-sunrun,rejobs,Field Sales Consultant,Sunrun,"Hartford, Connecticut, United States","Join Sunrun as a Field Sales Consultant in Hartford, Connecticut, and drive solar sales. Enjoy competitive pay and career growth.",NOT_SPECIFIED,Photovoltaic Systems | Solar Installation | Energy Access | Retail Sales | Sales and Marketing | Customer Management,rejobs_evp.csv,NOT_SPECIFIED
https://rejobs.org/en/renewable-energy-jobs/109339-hr-business-partner-for-business-and-commercial-functions-mwd-enercon,rejobs,HR Business Partner for Business and Commercial Functions (m/w/d),ENERCON,"Taichung, Taiwan","Join ENERCON as an HR Business Partner in Taichung, Taiwan.",NOT_SPECIFIED,Energy Justice | Recruitment | Human Resources | Performance Management,rejobs_evp.csv,NOT_SPECIFIED
https://rejobs.org/en/renewable-energy-jobs/109054-expression-of-interest-brighte-capital,rejobs,Expression of Interest,Brighte Capital,"Sydney, Australia","Join Brighte Capital in Sydney, Australia, and express your interest in future roles in Operations.",NOT_SPECIFIED,Clean Energy Innovation | Customer Management | Energy Access,rejobs_evp.csv,NOT_SPECIFIED
https://rejobs.org/en/renewable-energy-jobs/108732-authorized-technician-onshore-blades-mwd-muehlhan-wind-service,rejobs,Authorized Technician - Onshore Blades (m/w/d),Muehlhan Wind Service,"Scotland, United Kingdom",Join Muehlhan Wind Service as an Authorized Technician in Scotland!,NOT_SPECIFIED,Blade Maintenance | Onshore Wind Energy | Turbine Operations | Wind O&M,rejobs_evp.csv,NOT_SPECIFIED
https://rejobs.org/en/renewable-energy-jobs/108702-project-supervisor-vestas,rejobs,Project Supervisor,Vestas,"Warrington, United Kingdom",Join Vestas as a Project Supervisor in Warrington or Aarhus!,NOT_SPECIFIED,EPC Management | High Voltage | Offshore Wind Energy | Turbine Operations | Wind O&M | Project Management,rejobs_evp.csv,NOT_SPECIFIED
https://rejobs.org/en/renewable-energy-jobs/108704-cost-analytics-partner-vestas,rejobs,Cost Analytics Partner,Vestas,"Leça do Balio, Portugal","Join Vestas as a Cost Analytics Partner in Leça do Balio, Portugal.",NOT_SPECIFIED,Energy Analytics | Analytics | Performance Management | Cost Management | Stakeholder Management,rejobs_evp.csv,NOT_SPECIFIED
https://rejobs.org/en/renewable-energy-jobs/109033-bess-field-technician-mwd-arevon-energy-inc,rejobs,BESS Field Technician (m/w/d),"Arevon Energy, Inc.","Poway, California, United States","Join Arevon Energy as a BESS Field Technician in Poway, California!",NOT_SPECIFIED,Battery Technology | Power Electronics | SCADA | Utility-Scale Solar | Health & Safety | Preventive Maintenance,rejobs_evp.csv,NOT_SPECIFIED
https://rejobs.org/en/renewable-energy-jobs/108834-electrical-technician-enviva,rejobs,Electrical Technician,Enviva,"Epes, Alabama, United States","Join Enviva as an Electrical Technician in Epes, Alabama!",NOT_SPECIFIED,Bioenergy | Safety Management | Maintenance | Manufacturing | Electrical Engineering,rejobs_evp.csv,NOT_SPECIFIED
https://rejobs.org/en/renewable-energy-jobs/108703-wind-turbine-technician-i-mwd-vestas,rejobs,Wind Turbine Technician I (m/w/d),Vestas,"Sedalia, Alberta, Canada","Join Vestas as a Wind Turbine Technician I in Sedalia, Alberta. Maintain wind turbines and ensure reliable energy. Enjoy a $3,300 sign-on bonus and comprehensive benefits.",NOT_SPECIFIED,Blade Maintenance | Onshore Wind Energy | Turbine Operations | Wind O&M | Safety Management | Training & Development,rejobs_evp.csv,NOT_SPECIFIED
https://rejobs.org/en/renewable-energy-jobs/109037-analyst-finance-investing-arevon-energy-inc,rejobs,"Analyst, Finance & Investing","Arevon Energy, Inc.","New York, NY, United States","Join Arevon Energy as a Finance & Investing Analyst in New York, NY!",NOT_SPECIFIED,Clean Energy Investment | Energy Asset Valuation | Energy Economics | Project Finance,rejobs_evp.csv,NOT_SPECIFIED
https://rejobs.org/en/renewable-energy-jobs/108848-venue-sales-representative-octopus-energy,rejobs,Venue Sales Representative,Octopus Energy,"Teesside, United Kingdom",Join Octopus Energy as a Venue Sales Representative in Teesside!,NOT_SPECIFIED,Community Energy | Customer Management | Energy Access | Sales and Marketing,rejobs_evp.csv,NOT_SPECIFIED
https://rejobs.org/en/renewable-energy-jobs/109041-service-technician-zenobe,rejobs,Service Technician,Zenobē,"Portsmouth, United Kingdom","Join Zenobē as a Service Technician in Portsmouth, UK, and support clean power solutions.",NOT_SPECIFIED,Battery Management Systems | Battery Technology | Fleet Management | Power Electronics,rejobs_evp.csv,NOT_SPECIFIED
https://rejobs.org/en/renewable-energy-jobs/109088-development-analyst-matrix-renewables,rejobs,Development Analyst,Matrix Renewables,"Austin, Texas, United States","Join Matrix Renewables as a Development Analyst in Austin, Texas. Support renewable energy project development and collaborate with diverse teams.",NOT_SPECIFIED,EPC Management | Environmental Management | Utility-Scale Solar | Energy Economics | Energy Policy | Project Management,rejobs_evp.csv,NOT_SPECIFIED
https://rejobs.org/en/renewable-energy-jobs/109039-data-scientist-power-markets-arevon-energy-inc,rejobs,"Data Scientist, Power Markets","Arevon Energy, Inc.","Scottsdale, Arizona, United States","Join Arevon Energy as a Data Scientist in Scottsdale, Arizona!",NOT_SPECIFIED,Energy Analytics | Energy Economics | Predictive Models,rejobs_evp.csv,NOT_SPECIFIED
https://rejobs.org/en/renewable-energy-jobs/108334-hr-temp-bilingual-mwd-firstlight-power,rejobs,HR Temp Bilingual (m/w/d),FirstLight Power,"Montreal, Canada","Join FirstLight Power as a Bilingual HR Temp in Montreal, Canada!",NOT_SPECIFIED,Energy Access | Energy Governance | Human Resources | Training & Development,rejobs_evp.csv,NOT_SPECIFIED
https://rejobs.org/en/renewable-energy-jobs/108317-product-designer-fuse-energy,rejobs,Product Designer,Fuse Energy,"London, United Kingdom",Join Fuse Energy as a Product Designer in London or Dubai!,NOT_SPECIFIED,Smart Energy Systems | UI/UX Design,rejobs_evp.csv,NOT_SPECIFIED
https://rejobs.org/en/renewable-energy-jobs/108355-plant-operator-hybrid-energy-mwd-crossboundary-energy,rejobs,Plant Operator - Hybrid Energy (m/w/d),CrossBoundary Energy,"Kolwezi, Democratic Republic of the Congo","Join CrossBoundary Energy as a Plant Operator in Kolwezi, DRC.",NOT_SPECIFIED,Hybrid Power Plants | Photovoltaic Systems | Solar O&M | Safety Management | SCADA | Plant Operations,rejobs_evp.csv,NOT_SPECIFIED
https://rejobs.org/en/renewable-energy-jobs/108337-field-coordinator-mwd-selco-foundation,rejobs,Field Coordinator (m/w/d),SELCO Foundation,"Aizawl, India","Join SELCO Foundation as a Field Coordinator in Aizawl, India.",NOT_SPECIFIED,Environmental Management | Data | Stakeholder Management | Community Energy | Energy Access | Rural Electrification,rejobs_evp.csv,NOT_SPECIFIED
https://rejobs.org/en/renewable-energy-jobs/108019-blade-technicians-with-abrtblade-d-certificate-fairwind,rejobs,Blade Technicians with ABRT/Blade D Certificate,FairWind,United Kingdom,Join FairWind as a Blade Technician in the UK!,NOT_SPECIFIED,Blade Maintenance | Onshore Wind Energy | Wind O&M | Wind Turbine Technician,rejobs_evp.csv,NOT_SPECIFIED
https://rejobs.org/en/renewable-energy-jobs/108015-cable-technician-fairwind,rejobs,Cable Technician,FairWind,Europe,Join FairWind as a Cable Technician across Europe!,NOT_SPECIFIED,Offshore Wind Energy | Onshore Wind Energy | Turbine Operations | Safety Management | Electrical Engineering,rejobs_evp.csv,NOT_SPECIFIED
https://rejobs.org/en/renewable-energy-jobs/108018-wind-turbine-technician-fairwind,rejobs,Wind Turbine Technician,FairWind,Ireland,Join FairWind as a Wind Turbine Technician in the UK or Ireland!,NOT_SPECIFIED,Onshore Wind Energy | Turbine Operations | Wind O&M | Wind Turbine Technician,rejobs_evp.csv,NOT_SPECIFIED
https://rejobs.org/en/renewable-energy-jobs/107987-wind-technician-ii-enel,rejobs,Wind Technician II,Enel,"Allen, Nebraska, United States","Join Enel as a Wind Technician II in Allen, Nebraska!",NOT_SPECIFIED,Blade Maintenance | Onshore Wind Energy | Turbine Operations | Wind O&M | Safety Management,rejobs_evp.csv,NOT_SPECIFIED
https://rejobs.org/en/renewable-energy-jobs/108143-hr-with-disability-mwd-sonnen,rejobs,HR with Disability (m/w/d),sonnen,"Cairo, Egypt",Join sonnen in Cairo as an HR professional with disabilities. Shape inclusive workplaces and support employee experiences.,NOT_SPECIFIED,Energy Justice | Recruitment | Workforce Development | Human Resources,rejobs_evp.csv,NOT_SPECIFIED
https://rejobs.org/en/renewable-energy-jobs/108198-data-analyst-mwd-climatepartner,rejobs,Data Analyst (m/w/d),ClimatePartner,"Berlin, Germany",Join ClimatePartner as a Data Analyst in Berlin or Munich.,NOT_SPECIFIED,Energy Analytics | Analytics,rejobs_evp.csv,NOT_SPECIFIED
https://rejobs.org/en/renewable-energy-jobs/108244-project-developer-powerflex,rejobs,Project Developer,PowerFlex,"Los Angeles, United States","Join PowerFlex as a Project Developer in the US, leading solar and EV projects.",NOT_SPECIFIED,Battery Technology | Photovoltaic Systems | Energy Policy | Project Management | EV Charging Infrastructure,rejobs_evp.csv,NOT_SPECIFIED
https://rejobs.org/en/renewable-energy-jobs/107848-power-purchase-agreement-ppa-advisor-stx-group,rejobs,Power Purchase Agreement (PPA) Advisor,STX Group,"Amsterdam, the Netherlands",Join STX Group as a PPA Advisor in Amsterdam!,NOT_SPECIFIED,Energy Policy | Energy Trading | Power Purchase Agreement | Corporate Strategy,rejobs_evp.csv,NOT_SPECIFIED
https://rejobs.org/en/renewable-energy-jobs/107787-mwd-vestas,rejobs,洋上风力发电的超级管理员 (m/w/d),Vestas,"Tokyo, Japan","Join Vestas as a Site Supervisor in Akita, Japan, overseeing offshore wind farm operations.",NOT_SPECIFIED,SCADA | Turbine Operations | Wind O&M | Safety Management | Project Management | Offshore Wind Energy,rejobs_evp.csv,NOT_SPECIFIED
https://rejobs.org/en/renewable-energy-jobs/107811-blade-repair-technicians-mwd-muehlhan-wind-service,rejobs,Blade Repair Technicians (m/w/d),Muehlhan Wind Service,United Kingdom,Join Muehlhan Wind Service as a Blade Repair Technician in the UK!,NOT_SPECIFIED,Blade Maintenance | Onshore Wind Energy | Turbine Operations | Wind O&M,rejobs_evp.csv,NOT_SPECIFIED
https://rejobs.org/en/renewable-energy-jobs/107740-coordinator-blade-repair-service-team-enercon,rejobs,"Coordinator, Blade Repair Service Team",ENERCON,"Montreal, Canada","Join ENERCON as a Blade Repair Coordinator in Canada, leading a team of technicians.",NOT_SPECIFIED,Blade Maintenance | Offshore Wind Energy | Onshore Wind Energy | Turbine Operations | Wind Farms | Wind O&M,rejobs_evp.csv,NOT_SPECIFIED
https://rejobs.org/en/renewable-energy-jobs/107172-content-creator-good-energy,rejobs,Content Creator,Good Energy,"Chippenham, United Kingdom","Join Good Energy as a Content Creator in Chippenham, UK.",NOT_SPECIFIED,EV Charging Infrastructure | Photovoltaics | Digital Marketing | Energy Access | Content Management,rejobs_evp.csv,NOT_SPECIFIED
https://rejobs.org/en/renewable-energy-jobs/107192-brand-designer-fuse-energy,rejobs,Brand Designer,Fuse Energy,"London, United Kingdom",Join Fuse Energy as a Brand Designer in London or Dubai!,NOT_SPECIFIED,Clean Energy Innovation,rejobs_evp.csv,NOT_SPECIFIED
https://rejobs.org/en/renewable-energy-jobs/107418-wtg-electrical-installation-commissioning-supervisor-ramboll,rejobs,WTG Electrical Installation & Commissioning Supervisor,Ramboll,"Gdynia, Poland","Join Ramboll as WTG Electrical Installation Supervisor in Gdynia, Poland.",NOT_SPECIFIED,Offshore Wind Energy | Onshore Wind Energy | Turbine Operations | Wind O&M | Safety Management | Commissioning | Electrical Engineering,rejobs_evp.csv,NOT_SPECIFIED
https://rejobs.org/en/renewable-energy-jobs/107464-legal-counsel-fairwind,rejobs,Legal Counsel,FairWind,"Szczecin, Poland","Join FairWind as Legal Counsel in Szczecin, Hamburg, or Santiago de Compostela.",NOT_SPECIFIED,Contract Management | Energy Governance | Risk Management | Stakeholder Management | Compliance | Legal Services,rejobs_evp.csv,NOT_SPECIFIED
https://rejobs.org/en/renewable-energy-jobs/107392-legal-paralegal-canadian-solar,rejobs,Legal Paralegal,Canadian Solar,"Mesquite, Texas, United States","Join Canadian Solar as a Legal Paralegal in Mesquite, Texas. Support commercial contracts and corporate governance in the solar energy sector.",NOT_SPECIFIED,Battery Technology | Photovoltaics | Commercial Management | Energy Governance | Compliance,rejobs_evp.csv,NOT_SPECIFIED
https://rejobs.org/en/renewable-energy-jobs/107053-solar-sales-recruiter-momentum-solar,rejobs,Solar Sales Recruiter,Momentum Solar,United States,Join Momentum Solar as a Sales Recruiter in the United States.,NOT_SPECIFIED,Community Energy | Energy Access | Talent Acquisition & Management | Recruitment | Sales and Marketing,rejobs_evp.csv,NOT_SPECIFIED
https://rejobs.org/en/renewable-energy-jobs/107280-logistics-technician-wave-energy-corpower-ocean,rejobs,Logistics Technician - Wave Energy,CorPower Ocean,"Viana do Castelo, Portugal","Join CorPower Ocean as a Logistics Technician in Viana do Castelo, Portugal.",NOT_SPECIFIED,Ocean Energy | Procurement | Logistics | Inventory Management | Supply Chain Management,rejobs_evp.csv,NOT_SPECIFIED
https://rejobs.org/en/renewable-energy-jobs/107133-rope-access-technician-aerones,rejobs,Rope Access Technician,Aerones,Poland,Join Aerones as a Rope Access Technician in Europe!,NOT_SPECIFIED,Offshore Wind Energy | Tower Climbing | Turbine Operations | Wind O&M | Wind Turbine Technician,rejobs_evp.csv,NOT_SPECIFIED
https://rejobs.org/en/renewable-energy-jobs/106909-sales-goodwe,rejobs,Sales,GoodWe,Malaysia,"Join GoodWe as a Sales professional in Malaysia, focusing on solar solutions.",NOT_SPECIFIED,Photovoltaics | Power Electronics | Solar Installation | Sales and Marketing | Business Development | Customer Management,rejobs_evp.csv,NOT_SPECIFIED
https://rejobs.org/en/renewable-energy-jobs/106492-vessel-operator-enviva,rejobs,Vessel Operator,Enviva,"Wilmington, North Carolina, United States","Join Enviva as a Vessel Operator in Wilmington, NC!",NOT_SPECIFIED,Environmental Management | Operations Management | Quality Control | Bioenergy | Safety Management,rejobs_evp.csv,NOT_SPECIFIED
https://rejobs.org/en/renewable-energy-jobs/106607-teamlead-blade-repair-mwd-rts-wind,rejobs,Teamlead Blade Repair (m/w/d),RTS Wind,Germany,Join RTS Wind as Teamlead Blade Repair in Europe!,NOT_SPECIFIED,Blade Maintenance | Tower Climbing | Turbine Operations | Wind O&M | Onshore Wind Energy,rejobs_evp.csv,NOT_SPECIFIED
https://rejobs.org/en/renewable-energy-jobs/106516-developer-with-disability-mwd-sonnen,rejobs,Developer with Disability (m/w/d),sonnen,"Cairo, Egypt","Join sonnen as a Developer in Cairo, Egypt, and help shape the future of clean energy.",NOT_SPECIFIED,Battery Management Systems | Photovoltaic Systems | Power Electronics | Hardware Engineering | Software Development,rejobs_evp.csv,NOT_SPECIFIED
https://rejobs.org/en/renewable-energy-jobs/106499-cfo-octopus-energy,rejobs,CFO,Octopus Energy,"Brighton, United Kingdom","Join Octopus Energy as CFO in Brighton, UK, leading finance functions.",NOT_SPECIFIED,Leadership | Clean Energy Solutions | Accounting & Finance,rejobs_evp.csv,NOT_SPECIFIED
https://rejobs.org/en/renewable-energy-jobs/106503-customer-service-advisor-mwd-octopus-energy,rejobs,Customer Service Advisor (m/w/d),Octopus Energy,"Leicester, United Kingdom","Join Octopus Energy as a Customer Service Advisor in Leicester, UK.",NOT_SPECIFIED,Energy Access | Customer Management,rejobs_evp.csv,NOT_SPECIFIED
https://rejobs.org/en/renewable-energy-jobs/106133-pv-solar-field-technician-i-nextera-energy,rejobs,PV Solar Field Technician I,NextEra Energy,"Cunningham, Kansas, United States","Join NextEra Energy as a PV Solar Field Technician I in Cunningham, Kansas. Maintain solar PV systems and ensure safe operations.",NOT_SPECIFIED,EPC Management | Photovoltaic Systems | Power Electronics | Solar O&M | Safety Management,rejobs_evp.csv,NOT_SPECIFIED
https://rejobs.org/en/renewable-energy-jobs/106119-engineering-technologist-accure-battery-intelligence,rejobs,Engineering Technologist,ACCURE Battery Intelligence,"Brisbane, Australia","Join ACCURE as an Engineering Technologist in Brisbane, Australia.",NOT_SPECIFIED,Battery Management Systems | Energy Analytics | Power Electronics | Regulatory Compliance | Quality Assurance | Battery Technology,rejobs_evp.csv,NOT_SPECIFIED
https://rejobs.org/en/renewable-energy-jobs/105805-field-service-supervisor-canadian-solar,rejobs,Field Service Supervisor,Canadian Solar,"Arizona, United States","Join Canadian Solar as a Field Service Supervisor in Arizona, USA.",NOT_SPECIFIED,Battery Technology | Distributed Energy Resources | Power Electronics | SCADA,rejobs_evp.csv,NOT_SPECIFIED
https://rejobs.org/en/renewable-energy-jobs/106060-financial-analyst-mfd-goldbeck-solar-group,rejobs,Financial Analyst (m/f/d),GOLDBECK SOLAR Group,"Hirschberg, Germany","Join GOLDBECK SOLAR as a Financial Analyst in Hirschberg, Germany.",NOT_SPECIFIED,Energy Asset Valuation | Energy Economics | Financial Services,rejobs_evp.csv,NOT_SPECIFIED
https://rejobs.org/en/renewable-energy-jobs/106131-pv-solar-field-technician-ii-nextera-energy,rejobs,PV Solar Field Technician II,NextEra Energy,"Cunningham, Kansas, United States","Join NextEra Energy as a PV Solar Field Technician II in Cunningham, Kansas. Maintain solar PV systems and ensure safe operations.",NOT_SPECIFIED,Photovoltaic Systems | Power Electronics | Solar O&M | Regulatory Compliance | Safety Management,rejobs_evp.csv,NOT_SPECIFIED
https://rejobs.org/en/renewable-energy-jobs/105971-field-service-technician-mwd-baywa-re,rejobs,Field Service Technician (m/w/d),BayWa r.e.,"Berlin, Germany",Join BayWa r.e. as a Field Service Technician in Berlin or Munich!,NOT_SPECIFIED,Power Electronics | Solar Installation | Solar O&M | Photovoltaic Systems,rejobs_evp.csv,NOT_SPECIFIED
https://rejobs.org/en/renewable-energy-jobs/105765-credit-risk-analyst-mfd-enbw-energie-baden-wurttemberg,rejobs,Credit Risk Analyst (m/f/d),EnBW Energie Baden-Württemberg,"Karlsruhe, Germany","Join EnBW as a Credit Risk Analyst in Karlsruhe, Germany.",NOT_SPECIFIED,Energy Trading | Power Purchase Agreement | Risk Management | Energy Economics | Trading & Risk Management,rejobs_evp.csv,NOT_SPECIFIED
https://rejobs.org/en/renewable-energy-jobs/105789-field-sales-consultant-sunrun,rejobs,Field Sales Consultant,Sunrun,"Concord, California, United States","Join Sunrun as a Field Sales Consultant in Concord or Fairfield, California. Drive solar sales, earn competitive commissions, and enjoy flexible work-life balance.",NOT_SPECIFIED,Solar Installation | Energy Access | Sales and Marketing | Customer Management,rejobs_evp.csv,NOT_SPECIFIED
https://rejobs.org/en/renewable-energy-jobs/105230-solar-appointment-setter-sunrun,rejobs,Solar Appointment Setter,Sunrun,"Rockford, Illinois, United States","Join Sunrun as a Solar Appointment Setter in Rockford, Illinois!",NOT_SPECIFIED,Community Solar | Photovoltaic Systems | Solar Installation | Solar O&M | Energy Access | Customer Management,rejobs_evp.csv,NOT_SPECIFIED
https://rejobs.org/en/renewable-energy-jobs/105547-field-coordinator-selco-foundation,rejobs,Field Coordinator,SELCO Foundation,"Hubballi, India","Join SELCO Foundation as a Field Coordinator in Hubballi or Raichur, India, focusing on renewable energy solutions.",NOT_SPECIFIED,Community Energy | Stakeholder Management | Data | Energy Access,rejobs_evp.csv,NOT_SPECIFIED
https://rejobs.org/en/renewable-energy-jobs/105704-consultant-power-markets-council-on-energy-environment-and-water,rejobs,Consultant - Power Markets,"Council on Energy, Environment and Water","New Delhi, India","Join CEEW as a Consultant in Power Markets in New Delhi, India. Drive research on renewable energy integration and forecasting. Enjoy competitive compensation and a dynamic work environment.",NOT_SPECIFIED,Energy Analytics | Energy Modeling,rejobs_evp.csv,NOT_SPECIFIED
https://rejobs.org/en/renewable-energy-jobs/104844-venue-sales-representative-octopus-energy,rejobs,Venue Sales Representative,Octopus Energy,"Glasgow, Scotland, United Kingdom",Join Octopus Energy as a Venue Sales Representative in Glasgow!,NOT_SPECIFIED,Community Solar | Energy Access | Sales and Marketing | Customer Management,rejobs_evp.csv,NOT_SPECIFIED
https://rejobs.org/en/renewable-energy-jobs/104174-solar-appointment-setter-sunrun,rejobs,Solar Appointment Setter,Sunrun,"Lancaster, California, United States","Join Sunrun as a Solar Appointment Setter in Lancaster, California!",NOT_SPECIFIED,Community Solar | Photovoltaic Systems | Solar Installation | Solar O&M | Solar Resource Assessment | Energy Access,rejobs_evp.csv,NOT_SPECIFIED
https://rejobs.org/en/renewable-energy-jobs/104962-embedded-software-developer-zaptec,rejobs,Embedded Software Developer,Zaptec,"Stavanger, Norway","Join Zaptec as an Embedded Software Developer in Stavanger, Norway.",NOT_SPECIFIED,IoT | Power Electronics | Software Development | EV Charging Infrastructure,rejobs_evp.csv,NOT_SPECIFIED
https://rejobs.org/en/renewable-energy-jobs/104391-vessel-operator-enviva,rejobs,Vessel Operator,Enviva,"Chesapeake, Virginia, United States","Join Enviva as a Vessel Operator in Chesapeake, Virginia!",NOT_SPECIFIED,Environmental Management | Operations Management | Quality Control | Bioenergy | Safety Management,rejobs_evp.csv,NOT_SPECIFIED
https://rejobs.org/en/renewable-energy-jobs/104942-pricing-and-costing-analyst-good-energy,rejobs,Pricing and Costing Analyst,Good Energy,"Chippenham, United Kingdom",Join Good Energy as a Pricing and Costing Analyst in the UK!,NOT_SPECIFIED,Energy Economics | Stakeholder Management | Pricing Administration,rejobs_evp.csv,NOT_SPECIFIED
https://rejobs.org/en/renewable-energy-jobs/104173-field-sales-consultant-sunrun,rejobs,Field Sales Consultant,Sunrun,"Fresno, California, United States","Join Sunrun as a Field Sales Consultant in Fresno, California, and drive solar sales. Enjoy competitive pay and career growth.",NOT_SPECIFIED,Solar Installation | Energy Access | Sales and Marketing | Customer Management,rejobs_evp.csv,NOT_SPECIFIED
https://rejobs.org/en/renewable-energy-jobs/104842-venue-sales-representative-octopus-energy,rejobs,Venue Sales Representative,Octopus Energy,"Southampton, United Kingdom","Join Octopus Energy as a Venue Sales Representative in Southampton, UK!",NOT_SPECIFIED,Energy Access | Sales and Marketing | Customer Management,rejobs_evp.csv,NOT_SPECIFIED
https://rejobs.org/en/renewable-energy-jobs/104513-maintenance-technician-welder-antora-energy,rejobs,Maintenance Technician - Welder,Antora Energy,"Big Stone City, South Dakota, United States","Join Antora Energy as a Maintenance Technician - Welder in Big Stone City, South Dakota. Perform high-quality welding and support plant maintenance.",NOT_SPECIFIED,Energy Resilience | Health & Safety | Plant Operations | Welding | Maintenance,rejobs_evp.csv,NOT_SPECIFIED
https://rejobs.org/en/renewable-energy-jobs/103136-finance-controller-mwd-sembcorp-industries,rejobs,Finance Controller (m/w/d),Sembcorp Industries,"Batam, Indonesia","Join Sembcorp Industries as a Finance Controller in Batam, Indonesia.",NOT_SPECIFIED,Energy Asset Valuation | Financial Services | Compliance | Accounting & Finance,rejobs_evp.csv,NOT_SPECIFIED
https://rejobs.org/en/renewable-energy-jobs/104170-field-sales-consultant-sunrun,rejobs,Field Sales Consultant,Sunrun,"Downey, California, United States","Join Sunrun as a Field Sales Consultant in Downey or West Covina, California. Drive solar sales and earn up to $160,000/year.",NOT_SPECIFIED,Solar Installation | Energy Access | Sales and Marketing | Customer Management,rejobs_evp.csv,NOT_SPECIFIED
https://rejobs.org/en/renewable-energy-jobs/104212-service-technician-mwd-siemens-energy,rejobs,Service Technician,Siemens Energy,"Lemmer, the Netherlands","Join Siemens Energy as a Service Technician in Lemmer, Netherlands.",NOT_SPECIFIED,Turbine Operations | Wind O&M | Control Engineering | Offshore Wind Energy | Electrical Engineering | Safety Management,rejobs_evp.csv,NOT_SPECIFIED
https://rejobs.org/en/renewable-energy-jobs/103433-quality-supervisor-enviva,rejobs,Quality Supervisor,Enviva,"Garysburg, North Carolina, United States","Join Enviva as a Quality Supervisor in Garysburg, NC, ensuring product quality in renewable energy.",NOT_SPECIFIED,Bioenergy | Quality Control | Quality Assurance,rejobs_evp.csv,NOT_SPECIFIED
https://rejobs.org/en/renewable-energy-jobs/103644-direct-sales-consultant-sunrun,rejobs,Direct Sales Consultant,Sunrun,"Bronx, United States","Join Sunrun as a Direct Sales Consultant in Bronx, USA!",NOT_SPECIFIED,Community Solar | Photovoltaic Systems | Energy Access | Sales and Marketing | Customer Management,rejobs_evp.csv,NOT_SPECIFIED
https://rejobs.org/en/renewable-energy-jobs/103006-project-coordinator-mwd-selco-foundation,rejobs,Project Coordinator (m/w/d),SELCO Foundation,"Cachar, India","Join SELCO Foundation as a Project Coordinator in Cachar, India, focusing on livelihood development.",NOT_SPECIFIED,Partnership Management | Rural Electrification | Community Energy | Energy Access,rejobs_evp.csv,NOT_SPECIFIED
https://rejobs.org/en/renewable-energy-jobs/103227-project-analyst-scale-microgrids,rejobs,Project Analyst,Scale Microgrids,"New York, NY, United States",Join Scale Microgrids as a Project Analyst in New York City! Optimize microgrid designs and support the Business Development team.,NOT_SPECIFIED,Distributed Energy Resources | Photovoltaics | Energy Economics | Project Management | Microgrids,rejobs_evp.csv,NOT_SPECIFIED
https://rejobs.org/en/renewable-energy-jobs/102548-field-sales-consultant-sunrun,rejobs,Field Sales Consultant,Sunrun,"Corona, California, United States",Join Sunrun as a Field Sales Consultant in California!,NOT_SPECIFIED,Photovoltaic Systems | Solar Installation | Energy Access | Sales and Marketing | Customer Management,rejobs_evp.csv,NOT_SPECIFIED
https://rejobs.org/en/renewable-energy-jobs/102932-general-counsel-secretary-nyserda,rejobs,General Counsel & Secretary,NYSERDA,"New York, NY, United States","Join NYSERDA as General Counsel & Secretary in New York, NY!",NOT_SPECIFIED,Clean Energy Solutions | Environmental Management | Energy Policy | Regulatory Compliance,rejobs_evp.csv,NOT_SPECIFIED
https://rejobs.org/en/renewable-energy-jobs/102630-installation-technicians-mwd-nordex,rejobs,Installation Technicians (m/w/d),Nordex,Poland,Join Nordex as an Installation Technician in Poland!,NOT_SPECIFIED,Turbine Operations | Wind O&M | Safety Management | Onshore Wind Energy,rejobs_evp.csv,NOT_SPECIFIED
https://rejobs.org/en/renewable-energy-jobs/102177-stringer-operator-mwd-silfab-solar,rejobs,Stringer Operator (m/w/d),Silfab Solar,"Burlington, Washington, United States","Join Silfab Solar as a Stringer Operator in Burlington, WA, and help shape the future of clean energy.",NOT_SPECIFIED,Photovoltaic Systems | Power Electronics | Solar Installation | Solar O&M | Preventive Maintenance | Manufacturing,rejobs_evp.csv,NOT_SPECIFIED
https://rejobs.org/en/renewable-energy-jobs/101820-solar-appointment-setter-sunrun,rejobs,Solar Appointment Setter,Sunrun,"Long Beach, United States","Join Sunrun as a Solar Appointment Setter in Long Beach, USA!",NOT_SPECIFIED,Community Solar | Photovoltaic Systems | Solar Installation | Solar O&M | Solar Resource Assessment | Energy Access,rejobs_evp.csv,NOT_SPECIFIED
https://rejobs.org/en/renewable-energy-jobs/101666-international-sales-broker-otc-flow,rejobs,International Sales Broker,OTC FLOW,"Amsterdam, the Netherlands",Join OTC Flow as an International Sales Broker in Amsterdam!,NOT_SPECIFIED,Environmental Management | Clean Energy Investment | Customer Management | Energy Trading | Business Development,rejobs_evp.csv,NOT_SPECIFIED
https://rejobs.org/en/renewable-energy-jobs/101617-sustainability-business-partner-stx-group,rejobs,Sustainability Business Partner,STX Group,"Amsterdam, the Netherlands",Join STX Group as a Sustainability Business Partner in Amsterdam!,NOT_SPECIFIED,Biogas Energy | Project Management | Stakeholder Management,rejobs_evp.csv,NOT_SPECIFIED
https://rejobs.org/en/renewable-energy-jobs/102178-stringer-operator-mwd-silfab-solar,rejobs,Stringer Operator (m/w/d),Silfab Solar,"Burlington, Washington, United States","Join Silfab Solar as a Stringer Operator in Burlington, WA, and help shape the future of clean energy.",NOT_SPECIFIED,Photovoltaic Systems | Power Electronics | Solar Installation | Solar O&M | Preventive Maintenance | Manufacturing,rejobs_evp.csv,NOT_SPECIFIED
https://rejobs.org/en/renewable-energy-jobs/100919-solar-appointment-setter-sunrun,rejobs,Solar Appointment Setter,Sunrun,"Long Beach, United States","Join Sunrun as a Solar Appointment Setter in Long Beach, USA!",NOT_SPECIFIED,Community Solar | Photovoltaic Systems | Solar Installation | Solar O&M | Solar Resource Assessment | Energy Access,rejobs_evp.csv,NOT_SPECIFIED
https://rejobs.org/en/renewable-energy-jobs/100964-resource-traveling-wind-turbine-technician-ii-mwd-vestas,rejobs,Resource Traveling Wind Turbine Technician II (m/w/d),Vestas,"Dallas, Texas, United States","Join Vestas as a Resource Traveling Wind Turbine Technician II in Texas! Support wind energy operations and enjoy a $2,500 sign-on bonus.",NOT_SPECIFIED,EPC Management | Onshore Wind Energy | Turbine Operations | Wind O&M | Wind Turbine Technician | Safety Management,rejobs_evp.csv,NOT_SPECIFIED
https://rejobs.org/en/renewable-energy-jobs/100709-project-lifecycle-planner-crossboundary-energy,rejobs,Project Lifecycle Planner,CrossBoundary Energy,"Cape Town, South Africa","Join CrossBoundary Energy as a Project Lifecycle Planner in Cape Town, South Africa.",NOT_SPECIFIED,EPC Management | Energy Asset Valuation | Cost Management | Project Management,rejobs_evp.csv,NOT_SPECIFIED
https://rejobs.org/en/renewable-energy-jobs/100268-solar-appointment-setter-sunrun,rejobs,Solar Appointment Setter,Sunrun,"Chicago, United States","Join Sunrun as a Solar Appointment Setter in Chicago, USA!",NOT_SPECIFIED,Community Solar | Photovoltaic Systems | Solar Installation | Solar O&M | Energy Access | Customer Management,rejobs_evp.csv,NOT_SPECIFIED
https://rejobs.org/en/renewable-energy-jobs/100585-project-controller-mwd-goldbeck-solar-group,rejobs,Project Controller (m/w/d),GOLDBECK SOLAR Group,"Farnborough, United Kingdom","Join GOLDBECK SOLAR as a Project Controller in Farnborough, UK.",NOT_SPECIFIED,EPC Management | Energy Analytics | Photovoltaic Systems | Project Management,rejobs_evp.csv,NOT_SPECIFIED
https://rejobs.org/en/renewable-energy-jobs/100670-rms-coordinator-selco-foundation,rejobs,RMS Coordinator,SELCO Foundation,"Bengaluru, India","Join SELCO Foundation as an RMS Coordinator in Bengaluru, India, focusing on clean energy solutions.",NOT_SPECIFIED,Resource Management | Training & Development | Energy Access,rejobs_evp.csv,NOT_SPECIFIED
https://rejobs.org/en/renewable-energy-jobs/100452-frontend-developer-ameresco,rejobs,Frontend Developer,Ameresco,United Kingdom,Join Ameresco as a Frontend Developer in the UK!,NOT_SPECIFIED,Distributed Energy Resources | Smart Energy Systems,rejobs_evp.csv,NOT_SPECIFIED
https://rejobs.org/en/renewable-energy-jobs/113302-business-analyst-environmental-attributes-nrg,rejobs,"Business Analyst, Environmental Attributes",NRG,,"Business Analyst at NRG in Houston, TX.",NOT_SPECIFIED,Energy Analytics | Carbon Accounting | Energy Policy,rejobs_evp.csv,NOT_SPECIFIED
https://rejobs.org/en/renewable-energy-jobs/112777-tech-deployment-coordinator-wartsila,rejobs,Tech Deployment Coordinator,Wärtsilä,,"Tech Deployment Coordinator at Wärtsilä in Vaasa, Finland.",NOT_SPECIFIED,Digital Twin | Smart Energy Systems | AI for Energy,rejobs_evp.csv,NOT_SPECIFIED
https://rejobs.org/en/renewable-energy-jobs/112947-wind-technician-invenergy,rejobs,Wind Technician,Invenergy,,"Wind Technician at Invenergy in Clear Lake, USA.",NOT_SPECIFIED,Wind Turbine Technician | Blade Maintenance | Onshore Wind Energy | Turbine Operations | Wind O&M,rejobs_evp.csv,NOT_SPECIFIED
